timestamp,latitude,longitude,depth_km,magnitude,foreshock_activity,target (quake)
2023-01-01 00:00:00,36.76966623580728,-119.84307791472523,11.045537317501676,2.9,0,0
2023-01-01 00:05:00,32.01481972593629,-123.64145655530145,10.181131566461072,4.4,0,0
2023-01-01 00:10:00,30.556101293215605,-123.60104056371726,5.608871838069702,3.3,1,0
2023-01-01 00:15:00,30.898587000161456,-115.55310226738773,13.518550604912857,2.5,1,0
2023-01-01 00:20:00,31.49205647833355,-116.23171695316562,7.9689594820796685,4.7,0,0
2023-01-01 00:25:00,38.52279851881305,-120.42577466367027,12.311442674102441,3.6,0,0
2023-01-01 00:30:00,31.99982861989457,-117.99785654371706,13.851494547740769,5.4,1,1
2023-01-01 00:35:00,36.759708471758486,-115.75338961956413,10.117655145149486,4.3,0,0
2023-01-01 00:40:00,35.57908944231071,-122.14716469020479,7.1764152925198,3.5,1,0
2023-01-01 00:45:00,30.172943138204168,-124.78041222316207,14.097838043408577,2.4,1,0
2023-01-01 00:50:00,38.16712064329438,-121.09175424125583,11.114500011398048,2.3,0,0
2023-01-01 00:55:00,39.962696438464576,-122.72030742352115,12.114127838184714,4.9,1,1
2023-01-01 01:00:00,34.30611483961117,-123.08212329948941,10.313001164122372,4.0,0,0
2023-01-01 01:05:00,39.90254200016129,-116.3934498920003,13.743394999591157,5.7,0,0
2023-01-01 01:10:00,33.39293969117456,-123.53723544038556,7.544273622664414,2.8,0,0
2023-01-01 01:15:00,34.83124531686298,-121.24960005618424,14.02230192394745,2.2,1,0
2023-01-01 01:20:00,30.490828124290175,-119.31112199446373,8.043493008346648,5.8,1,1
2023-01-01 01:25:00,34.23762506531026,-121.77585373377269,14.976835490549451,2.5,0,0
2023-01-01 01:30:00,39.28231089909971,-115.42495497701798,10.334192669250015,4.3,0,0
2023-01-01 01:35:00,31.865715423606424,-115.6850587125705,12.230553677157479,3.9,0,0
2023-01-01 01:40:00,37.935928142357724,-123.1392770095644,5.639974486963604,3.7,0,0
2023-01-01 01:45:00,37.414601642588636,-116.13761905704656,6.999308553688809,5.6,0,0
2023-01-01 01:50:00,32.039738062681465,-117.0947819055741,6.955217974693154,4.7,1,1
2023-01-01 01:55:00,34.86160237405767,-124.48715410723733,13.630815248379378,3.7,0,0
2023-01-01 02:00:00,34.673459589984716,-122.50963825600441,13.630362180923118,3.3,0,0
2023-01-01 02:05:00,33.63928047842884,-120.70205013732007,6.91982271869612,5.7,0,0
2023-01-01 02:10:00,37.27322562628942,-117.96180020402092,14.320903125915965,4.5,0,0
2023-01-01 02:15:00,32.53707588202036,-117.94309706770068,7.4013784547762285,4.1,0,0
2023-01-01 02:20:00,32.50128779732347,-119.14471083153849,14.6335155333901,2.7,0,0
2023-01-01 02:25:00,38.834150250110916,-120.16231040308207,13.274692995712668,3.9,0,0
2023-01-01 02:30:00,35.46130171097121,-120.37268103868593,10.9634598381264,4.2,0,0
2023-01-01 02:35:00,32.71877455934178,-123.9325662028912,11.758908965363498,2.8,0,0
2023-01-01 02:40:00,32.7940712401641,-121.61647664415044,7.285002283297498,2.7,0,0
2023-01-01 02:45:00,38.068406040902026,-121.9279501801213,10.592724386464159,5.8,0,0
2023-01-01 02:50:00,33.7325728529539,-124.04523653358483,11.148251115836342,3.2,1,0
2023-01-01 02:55:00,30.19794949961073,-122.70463276984421,12.382021302346907,4.9,0,0
2023-01-01 03:00:00,39.09265826661254,-119.75954752549505,5.018127239559504,4.4,0,0
2023-01-01 03:05:00,37.84849974771816,-117.78661253998854,14.43978415059412,4.3,1,0
2023-01-01 03:10:00,39.99631285637405,-115.20321590313793,11.732231122349186,2.8,1,0
2023-01-01 03:15:00,36.21061956969221,-120.43118465900739,8.447098044896396,3.6,0,0
2023-01-01 03:20:00,39.72174570482033,-116.64067683942253,6.860639516061236,3.8,1,0
2023-01-01 03:25:00,38.97133265768462,-116.38825242758203,10.355829570172236,3.6,0,0
2023-01-01 03:30:00,37.709818316526054,-115.22433624362793,5.483321864986648,3.2,0,0
2023-01-01 03:35:00,30.93647048177913,-121.16049338002394,9.30149453740886,4.7,0,0
2023-01-01 03:40:00,39.812096735300514,-123.51831154815811,7.686589716649388,4.4,0,0
2023-01-01 03:45:00,33.154946204626995,-119.52720813162924,14.572553307466439,3.3,1,0
2023-01-01 03:50:00,39.00865451783692,-115.12100024631141,13.467959778756459,2.0,1,0
2023-01-01 03:55:00,32.7528018605933,-121.04657602394434,11.914680181061016,3.9,0,0
2023-01-01 04:00:00,32.57346686667028,-122.93110506317704,12.765726454925908,3.1,1,0
2023-01-01 04:05:00,39.27285839113513,-116.43810445763947,14.872611095005444,2.8,0,0
2023-01-01 04:10:00,31.37703538783398,-123.60606044497985,6.663365570444608,5.9,0,0
2023-01-01 04:15:00,39.870496980515966,-116.02742947740472,5.5827364516701925,3.8,0,0
2023-01-01 04:20:00,35.656437919728944,-124.18177216957739,6.698660591317537,4.3,0,0
2023-01-01 04:25:00,34.92085959209528,-120.85759170821673,8.244533807436968,4.0,0,0
2023-01-01 04:30:00,37.191221692961165,-118.18348203887379,7.821296921827909,5.1,0,0
2023-01-01 04:35:00,31.53397921087143,-123.67626740212982,8.581386242921365,5.0,1,1
2023-01-01 04:40:00,38.85473156963498,-123.61925402364862,10.41870339771709,4.3,1,0
2023-01-01 04:45:00,32.87101325490482,-115.41489418515219,12.694567384962987,4.4,1,0
2023-01-01 04:50:00,36.01599761419291,-121.74037540531091,13.947144579917829,2.8,1,0
2023-01-01 04:55:00,39.63114444208421,-122.17787387384146,7.310579613160039,3.0,0,0
2023-01-01 05:00:00,36.143935412607505,-115.76064435896521,7.774565957975343,2.9,0,0
2023-01-01 05:05:00,38.34072812399983,-118.36076040179145,11.844051886509458,5.6,1,1
2023-01-01 05:10:00,38.030670132346536,-116.39109155915769,13.262550049142861,3.8,0,0
2023-01-01 05:15:00,30.262450194431363,-123.82584353522118,7.960338536163309,6.0,0,0
2023-01-01 05:20:00,32.2118473162666,-115.20203144371636,13.594635187259176,3.1,0,0
2023-01-01 05:25:00,35.01044829489838,-117.07803408991562,6.803217452445454,5.6,0,0
2023-01-01 05:30:00,38.08086785882242,-116.47853420254008,10.26684196184554,4.9,0,0
2023-01-01 05:35:00,32.01275443832151,-119.16970239227024,7.835646556862858,5.7,1,1
2023-01-01 05:40:00,36.475116398070426,-121.62604335356899,13.723605699778235,5.0,0,0
2023-01-01 05:45:00,39.151489442626485,-123.37223628923937,5.938833213555519,5.8,0,0
2023-01-01 05:50:00,38.676922358583695,-122.71169929534878,6.903164858926852,5.0,1,1
2023-01-01 05:55:00,35.32599486953367,-117.02860762199143,13.671592087616553,5.1,0,0
2023-01-01 06:00:00,36.78708025066459,-116.03327610246066,10.383500437920242,5.5,1,1
2023-01-01 06:05:00,39.38259099685557,-121.13400251886979,9.87922051542546,2.9,0,0
2023-01-01 06:10:00,36.46727002579144,-115.42675610083246,14.976463860993798,2.4,0,0
2023-01-01 06:15:00,33.0956170748829,-117.5859432319255,11.909908152311456,5.7,1,1
2023-01-01 06:20:00,34.5204043781421,-119.32757831123081,6.043565849127402,5.2,0,0
2023-01-01 06:25:00,35.182584771059354,-118.74947684713602,14.264848393654335,2.7,1,0
2023-01-01 06:30:00,30.418140850177217,-124.19084500427812,8.429556617753427,2.8,0,0
2023-01-01 06:35:00,30.64209947389307,-117.16185478697396,12.108170817737038,3.9,1,0
2023-01-01 06:40:00,35.8199951331727,-124.12456322238086,5.376990151144165,3.2,1,0
2023-01-01 06:45:00,39.510443714817995,-117.10642537236815,8.904856855249541,5.1,1,1
2023-01-01 06:50:00,35.04412625921077,-120.07075517478597,6.600332986822019,3.4,1,0
2023-01-01 06:55:00,37.477451619624894,-119.09322547999007,13.069451011546427,3.7,0,0
2023-01-01 07:00:00,30.531113595496254,-124.12211627330002,12.763872494605904,3.7,1,0
2023-01-01 07:05:00,36.68393729903297,-124.92486505322802,13.371054941374666,4.5,1,0
2023-01-01 07:10:00,32.515960785515254,-117.17818410675038,5.509625836950056,2.3,1,0
2023-01-01 07:15:00,37.97947493912813,-115.35258413931389,6.491703190029493,5.7,0,0
2023-01-01 07:20:00,34.98698825473509,-123.7448192938327,14.394820467344157,5.7,1,1
2023-01-01 07:25:00,36.753797835403326,-121.12666525714387,6.73512978418117,3.4,0,0
2023-01-01 07:30:00,35.6002758669992,-123.60647965130536,8.701338817900929,3.4,1,0
2023-01-01 07:35:00,38.42136267492254,-122.27344442870373,12.310422522559277,2.6,0,0
2023-01-01 07:40:00,30.7272987475986,-115.21197020404337,7.947833994779556,4.7,0,0
2023-01-01 07:45:00,34.247780373500696,-123.63554375184363,8.301355269090308,3.6,0,0
2023-01-01 07:50:00,35.40830219907306,-124.42206781952198,8.356107770799962,5.3,0,0
2023-01-01 07:55:00,35.74590939751478,-122.66089236556095,8.436456521109786,2.5,0,0
2023-01-01 08:00:00,37.22014235476869,-123.96091503824418,11.478593814624343,3.7,0,0
2023-01-01 08:05:00,32.70860674707729,-124.25254732567879,7.4539603996304375,5.9,0,0
2023-01-01 08:10:00,35.69438790768638,-123.62368261771897,10.335825312414443,5.9,0,0
2023-01-01 08:15:00,31.28271791667464,-115.98919022323622,14.86741568338692,5.4,0,0
2023-01-01 08:20:00,39.90988908375401,-115.82115281572547,11.847121898809599,3.3,0,0
2023-01-01 08:25:00,37.93588382099537,-117.88740950523456,13.32688361190973,3.9,0,0
2023-01-01 08:30:00,37.2993295345341,-121.81457580581556,5.090935480680942,5.8,1,1
2023-01-01 08:35:00,38.38486948464277,-118.61779338343146,14.287902467369186,5.9,0,0
2023-01-01 08:40:00,32.88211110678439,-117.58091105892574,10.14883305425224,3.3,1,0
2023-01-01 08:45:00,36.77604207291573,-120.63922430824438,12.597032265778955,2.0,0,0
2023-01-01 08:50:00,37.35200189442387,-123.41386314426045,12.367583887434636,4.0,0,0
2023-01-01 08:55:00,36.751484588530154,-120.20752686188354,12.29424767194099,2.0,0,0
2023-01-01 09:00:00,36.34455655947298,-115.63445606228815,11.451896497775532,5.7,0,0
2023-01-01 09:05:00,34.588437500440605,-121.89712498985831,12.883906183913307,3.1,0,0
2023-01-01 09:10:00,32.76006425728876,-122.96232595585482,11.353936495670423,5.5,1,1
2023-01-01 09:15:00,31.67108280959033,-115.3309782344947,8.705856701420698,2.9,0,0
2023-01-01 09:20:00,30.61204910457035,-121.8921948064584,11.544600083256524,2.1,0,0
2023-01-01 09:25:00,36.61802791410974,-123.48660829975456,5.372627378545661,4.6,1,1
2023-01-01 09:30:00,34.90329245928814,-120.7910856559684,10.153830891808639,4.4,0,0
2023-01-01 09:35:00,30.891498329102223,-121.577331814332,14.054934541417271,2.7,1,0
2023-01-01 09:40:00,36.80353065466183,-119.9863288211613,9.17061200113479,4.5,0,0
2023-01-01 09:45:00,35.760207255327636,-121.84179800618317,5.8012300737895455,4.0,0,0
2023-01-01 09:50:00,31.79898854461579,-118.02616397501632,13.21344955687713,2.5,0,0
2023-01-01 09:55:00,35.08321113996226,-120.77305801739743,9.661020892174488,4.7,1,1
2023-01-01 10:00:00,35.46401560417729,-118.00189624374516,9.202721204566684,4.8,0,0
2023-01-01 10:05:00,32.87007084748226,-119.41639271715336,8.954199081089659,5.6,0,0
2023-01-01 10:10:00,30.930557539590296,-119.76959737105611,6.937350985719766,2.7,0,0
2023-01-01 10:15:00,32.876469688276494,-118.92419333049045,10.737702037333463,4.9,1,1
2023-01-01 10:20:00,33.609586271339396,-116.235243223667,13.36970342992278,5.3,1,1
2023-01-01 10:25:00,37.26804462539021,-123.25730231328711,9.719495425975829,3.9,0,0
2023-01-01 10:30:00,35.46690694094845,-117.57682764549848,11.537593891312548,3.1,0,0
2023-01-01 10:35:00,33.03890600299508,-116.92443114084335,5.655225672117994,2.0,0,0
2023-01-01 10:40:00,31.36445383162928,-119.423727468734,7.866895913525369,2.5,0,0
2023-01-01 10:45:00,39.42176000489071,-123.8164405216873,6.795709884772205,2.2,0,0
2023-01-01 10:50:00,36.01262480248096,-120.60297541019159,5.006711655689586,5.5,0,0
2023-01-01 10:55:00,37.28581421580434,-118.75492391556705,11.128672457701855,3.9,0,0
2023-01-01 11:00:00,36.461855714358215,-118.85106425034445,10.105257225305305,3.2,0,0
2023-01-01 11:05:00,31.589586280356826,-123.72877829483728,13.480941592112769,2.9,1,0
2023-01-01 11:10:00,37.68225522622985,-116.80182129312917,12.653772548521111,2.5,0,0
2023-01-01 11:15:00,32.193616429420175,-120.3548588036137,10.265942340205054,4.2,0,0
2023-01-01 11:20:00,34.695204733527575,-118.73825219843914,8.725692827756298,5.4,1,1
2023-01-01 11:25:00,34.60423853733013,-118.53966298829947,9.33874804159451,5.6,0,0
2023-01-01 11:30:00,32.464503642721375,-121.08604805520834,9.325819441843084,5.7,0,0
2023-01-01 11:35:00,39.7405972213536,-123.17122746919677,11.135437408002945,2.9,1,0
2023-01-01 11:40:00,30.63722350952931,-122.86602904934581,11.46715999302429,4.5,0,0
2023-01-01 11:45:00,31.06787740623213,-123.02227064804019,6.745987567246756,4.6,1,1
2023-01-01 11:50:00,32.95058328196835,-115.26094445942142,11.24064686278943,2.4,0,0
2023-01-01 11:55:00,34.89538938415528,-122.86262986419095,10.4610075368583,2.9,1,0
2023-01-01 12:00:00,36.45172686914242,-122.7996044960867,8.02849493159966,5.4,0,0
2023-01-01 12:05:00,35.10611975074749,-116.94526411981865,12.818383986870346,5.7,0,0
2023-01-01 12:10:00,39.992403321072814,-117.6102980937956,14.244706014651921,3.2,0,0
2023-01-01 12:15:00,39.29231054502571,-124.01704647921083,8.201349119053756,2.0,0,0
2023-01-01 12:20:00,35.5949581066178,-115.19521439962737,7.58268363382276,4.8,1,1
2023-01-01 12:25:00,36.962398004712156,-120.20433446300245,12.11353566252314,2.4,0,0
2023-01-01 12:30:00,32.26813316859207,-117.85936166712469,5.244018101071651,4.3,1,0
2023-01-01 12:35:00,35.93356289784102,-124.66400280836625,13.095273879994899,2.2,0,0
2023-01-01 12:40:00,30.54292932831755,-116.89952488518315,12.22936192259679,4.6,0,0
2023-01-01 12:45:00,39.51737744731366,-118.42858576506505,14.133859175876944,2.4,1,0
2023-01-01 12:50:00,37.69987074859412,-118.36549499780432,5.044687433069695,2.9,0,0
2023-01-01 12:55:00,32.77128892560156,-116.14389275760178,11.868670987807182,3.4,0,0
2023-01-01 13:00:00,38.528962674134064,-116.82503309140577,8.657144860827266,3.5,0,0
2023-01-01 13:05:00,36.212684995931696,-115.38586301902362,8.037437578157027,3.0,0,0
2023-01-01 13:10:00,31.06950314697409,-121.4952793591551,8.441622392739209,2.5,0,0
2023-01-01 13:15:00,36.20334355674569,-121.2469958349339,14.68958588682016,3.6,0,0
2023-01-01 13:20:00,35.26183357241846,-117.81044361084979,12.87485185043256,5.9,0,0
2023-01-01 13:25:00,36.32787634593508,-119.76124513199942,5.083093797118088,2.2,0,0
2023-01-01 13:30:00,37.14337138276789,-124.35650804425437,14.3369984965941,3.3,0,0
2023-01-01 13:35:00,33.952290458429744,-118.39906522888893,13.166473316905126,2.9,1,0
2023-01-01 13:40:00,32.610162608013184,-119.82450269112726,10.719683155512083,4.7,1,1
2023-01-01 13:45:00,34.35540836219281,-122.71416923737998,10.584191871182398,4.3,0,0
2023-01-01 13:50:00,30.410204915252944,-121.37060449969904,10.981817695539693,5.9,1,1
2023-01-01 13:55:00,33.27612230715884,-120.310857110041,6.463806984032203,5.1,1,1
2023-01-01 14:00:00,35.1751092282747,-117.66420418245593,12.41907111561103,5.7,0,0
2023-01-01 14:05:00,35.74668746617179,-120.80478746756611,13.121684437509321,3.0,0,0
2023-01-01 14:10:00,32.625277382347214,-123.92101202007625,13.942684164063463,5.6,0,0
2023-01-01 14:15:00,39.28459465872213,-118.45726470028225,13.21492006367335,5.6,0,0
2023-01-01 14:20:00,32.25232149411358,-120.7774705921513,9.06570685800683,2.8,0,0
2023-01-01 14:25:00,33.2622229650499,-121.40803318080648,5.730438591969809,5.9,0,0
2023-01-01 14:30:00,32.42543119050788,-123.44546971706252,7.196120729115999,5.8,0,0
2023-01-01 14:35:00,32.33883147543986,-115.23658991962323,12.325780110424056,4.4,0,0
2023-01-01 14:40:00,39.65208990773888,-116.97566148291087,7.530195919418623,3.9,1,0
2023-01-01 14:45:00,38.92882683523612,-123.18489666462901,11.672192928992668,2.3,1,0
2023-01-01 14:50:00,31.23982830721061,-120.62075851133285,13.871975163792188,5.1,1,1
2023-01-01 14:55:00,39.198770913309666,-120.89023948816325,8.857415509230664,3.6,1,0
2023-01-01 15:00:00,39.69019034030798,-119.92082131806777,9.061223677770123,5.8,0,0
2023-01-01 15:05:00,39.66063550880597,-116.48800806800745,7.760641014217372,4.6,0,0
2023-01-01 15:10:00,32.284639635941296,-124.76704702387737,8.583995523837869,4.1,0,0
2023-01-01 15:15:00,38.570846700853,-124.15496992174316,9.810394714039596,4.4,0,0
2023-01-01 15:20:00,36.01342983360204,-116.92544450413254,6.521969935157843,4.8,1,1
2023-01-01 15:25:00,36.27903956433739,-124.61749716114268,7.727452880357908,4.3,0,0
2023-01-01 15:30:00,33.60183484844929,-118.8559702194086,13.680234190206681,4.0,0,0
2023-01-01 15:35:00,35.00952368892922,-119.4548481536432,5.540807035443458,5.6,0,0
2023-01-01 15:40:00,33.94976338486795,-122.28927837400617,13.211918843109679,3.4,1,0
2023-01-01 15:45:00,31.341494905961888,-120.45527519069763,7.886099053410387,2.4,0,0
2023-01-01 15:50:00,33.851608557117544,-124.70939624173623,10.247762052107788,3.4,0,0
2023-01-01 15:55:00,37.32285267799698,-124.45128835973567,12.016307380037645,2.6,0,0
2023-01-01 16:00:00,30.44909246741817,-120.64278431888846,13.539738252130606,5.1,1,1
2023-01-01 16:05:00,36.67969411276941,-115.45423607715907,12.308851336164892,5.5,0,0
2023-01-01 16:10:00,31.63420006284646,-120.56996206323456,7.001096009717521,4.7,0,0
2023-01-01 16:15:00,37.26904187479465,-115.09927728582666,6.840919224964738,4.6,0,0
2023-01-01 16:20:00,31.148217225047347,-117.26127498123489,7.432087729790176,2.3,0,0
2023-01-01 16:25:00,30.408485359039457,-121.98635008121474,14.239946917608115,5.8,0,0
2023-01-01 16:30:00,35.93088036190656,-121.99470322638714,7.1049985299347815,2.7,1,0
2023-01-01 16:35:00,31.99453651512459,-119.44840950926508,9.433064376700791,5.0,1,1
2023-01-01 16:40:00,32.077005801338004,-121.94055877953166,5.653373783538384,6.0,1,1
2023-01-01 16:45:00,35.79681463034086,-116.03439742901561,9.565378144157519,5.8,0,0
2023-01-01 16:50:00,39.76087406356464,-118.88400493795592,6.581065092792054,3.1,1,0
2023-01-01 16:55:00,35.77039625294168,-121.17093054222099,11.440443276663679,4.7,0,0
2023-01-01 17:00:00,30.08909302052355,-118.94828925697551,6.131383010201414,3.0,0,0
2023-01-01 17:05:00,39.83612281978429,-121.22422324694381,6.431841273387744,5.1,0,0
2023-01-01 17:10:00,35.550295087729374,-122.77027621071123,5.566768587297091,5.7,0,0
2023-01-01 17:15:00,33.14598539218982,-115.63774243685953,13.999803608772062,4.1,0,0
2023-01-01 17:20:00,32.00360126639638,-120.81578145145915,8.242588877496056,5.7,0,0
2023-01-01 17:25:00,34.9187677969858,-117.42100453956729,7.904313844038068,5.9,0,0
2023-01-01 17:30:00,38.92299679740458,-116.08490994183708,14.344193374144691,2.1,0,0
2023-01-01 17:35:00,31.11441983644304,-123.9987664481238,14.381540946044119,5.7,0,0
2023-01-01 17:40:00,39.59832237817696,-115.38070938275419,6.144594092979202,4.9,0,0
2023-01-01 17:45:00,31.588676003377653,-115.54975305238537,13.991839457990023,2.2,0,0
2023-01-01 17:50:00,33.44936631926917,-117.42308652111905,8.660117908113495,5.5,0,0
2023-01-01 17:55:00,37.21773234447003,-116.73974714577301,9.327478656624097,2.1,1,0
2023-01-01 18:00:00,36.383084387900695,-122.6547388924244,8.632162564467244,3.3,0,0
2023-01-01 18:05:00,32.868579551022236,-115.04001649771786,6.192347058643415,4.8,0,0
2023-01-01 18:10:00,33.39078401060878,-116.63534886804614,11.740606705259301,2.6,0,0
2023-01-01 18:15:00,34.83528327458208,-116.90168412459174,9.44401958301524,5.4,0,0
2023-01-01 18:20:00,36.60832769203334,-118.18688413770927,14.853997899455319,5.1,0,0
2023-01-01 18:25:00,38.7668387547006,-116.25888891003856,8.386998853231818,3.8,0,0
2023-01-01 18:30:00,32.280352532730184,-118.51992252637018,7.55388665106984,5.2,0,0
2023-01-01 18:35:00,38.77677401415933,-118.50109392461945,13.235553411116769,2.1,0,0
2023-01-01 18:40:00,35.93377482690981,-121.89226503970828,6.274855738708346,5.1,1,1
2023-01-01 18:45:00,35.941929331771135,-119.2125518852222,6.124943990750556,5.3,0,0
2023-01-01 18:50:00,37.03833540702847,-122.90619598989714,10.17090775493568,3.8,1,0
2023-01-01 18:55:00,30.55948032525876,-122.6462081320236,6.490924391895605,2.0,0,0
2023-01-01 19:00:00,32.342648007327945,-118.49450619853356,13.418934407477515,3.8,1,0
2023-01-01 19:05:00,37.80624700561427,-122.27311338019199,13.928322321581824,5.0,0,0
2023-01-01 19:10:00,30.834301616445995,-117.10240225473635,6.059487791756916,2.4,0,0
2023-01-01 19:15:00,34.48109257409551,-119.82647776719949,9.0606333576096,5.2,0,0
2023-01-01 19:20:00,37.920690839437945,-118.84513826370141,9.568194944789687,5.9,0,0
2023-01-01 19:25:00,31.39339789528312,-118.64102092748732,12.110878969088631,5.4,0,0
2023-01-01 19:30:00,32.02205813574246,-122.95411445216862,7.299784603193049,3.1,0,0
2023-01-01 19:35:00,38.17399576128879,-116.68293305626327,7.341109811121268,5.9,0,0
2023-01-01 19:40:00,30.710060693202788,-122.59186747056262,9.433694193458802,2.3,0,0
2023-01-01 19:45:00,33.076388670528395,-120.79757176168204,10.73750385996806,4.1,1,0
2023-01-01 19:50:00,33.448015155472476,-119.6569445518678,14.448037954800757,3.9,0,0
2023-01-01 19:55:00,36.64126982284887,-124.37584565810587,13.371493609217588,2.2,1,0
2023-01-01 20:00:00,32.9874357261373,-123.9508552679967,10.061721549112274,5.6,0,0
2023-01-01 20:05:00,31.015774542159956,-117.3697534040969,13.24152337919664,4.3,0,0
2023-01-01 20:10:00,37.27755353692629,-121.42919554700794,11.471114755141542,4.0,1,0
2023-01-01 20:15:00,38.67997942486918,-121.4574735399668,9.200789996941442,3.4,1,0
2023-01-01 20:20:00,31.329092285469482,-121.95222747664177,8.449594230054974,3.7,1,0
2023-01-01 20:25:00,30.11827806920405,-115.937120933186,10.223587815977853,2.6,1,0
2023-01-01 20:30:00,35.0199304067153,-121.82503166963913,11.503119855765805,6.0,0,0
2023-01-01 20:35:00,33.90129998291761,-119.15437393431023,9.100557064975861,4.9,1,1
2023-01-01 20:40:00,30.598689278411037,-124.10254105393294,9.234175810257465,2.1,1,0
2023-01-01 20:45:00,33.612424329046235,-120.24861462107263,7.282897237483539,4.6,1,1
2023-01-01 20:50:00,32.99645288728296,-120.7698918887954,10.641413031796834,5.6,0,0
2023-01-01 20:55:00,30.1279608917853,-118.68864129852355,5.644573743750765,4.4,1,0
2023-01-01 21:00:00,34.268374722287014,-124.79113757728531,12.739306572400888,4.4,0,0
2023-01-01 21:05:00,33.76164633009166,-118.62111738916785,10.912291721852124,4.9,0,0
2023-01-01 21:10:00,37.8530324000491,-122.98043935330305,8.653856996009862,5.8,1,1
2023-01-01 21:15:00,34.94974464245703,-121.94222233891611,12.531393321008196,5.8,1,1
2023-01-01 21:20:00,30.97411798834611,-121.75097114086351,5.173119881748126,4.8,1,1
2023-01-01 21:25:00,38.79707229693754,-122.25359972475142,6.840027565625445,3.2,0,0
2023-01-01 21:30:00,36.080774750167095,-118.78929414282835,6.894900659113397,3.4,1,0
2023-01-01 21:35:00,39.67865580983349,-123.71276066001519,9.31970018298065,4.3,0,0
2023-01-01 21:40:00,38.18536824819624,-115.02851282084069,8.221270645275087,3.4,1,0
2023-01-01 21:45:00,32.96070319128872,-123.08510952896211,10.09664887677214,4.2,0,0
2023-01-01 21:50:00,38.78369718644533,-115.48275465471616,10.506784183912469,2.7,0,0
2023-01-01 21:55:00,37.55677335499833,-120.12382639364307,7.798721600894186,4.9,0,0
2023-01-01 22:00:00,36.30375697843877,-117.18286890101292,9.585166034296071,2.8,1,0
2023-01-01 22:05:00,39.62288896125564,-115.30692717116797,10.080457394848855,3.7,0,0
2023-01-01 22:10:00,30.9950680100057,-117.45893223353703,8.177800865757629,6.0,0,0
2023-01-01 22:15:00,37.71930669828213,-115.28595595291446,10.631388527926845,2.7,0,0
2023-01-01 22:20:00,37.90086533585842,-115.8170852584607,13.788138545882834,5.6,0,0
2023-01-01 22:25:00,33.89246679633467,-119.33023910744002,11.922967495911665,5.0,0,0
2023-01-01 22:30:00,34.903145423315244,-123.54373138094637,14.005685692360036,3.5,0,0
2023-01-01 22:35:00,34.67232377697753,-117.05625208502983,9.68167638543976,2.1,0,0
2023-01-01 22:40:00,30.540497648272133,-122.924526056051,9.357626931209708,2.8,0,0
2023-01-01 22:45:00,36.48418832174256,-116.0048359614024,7.769793984007793,5.5,0,0
2023-01-01 22:50:00,38.46200769331196,-115.28692128038745,13.319837819094925,3.0,0,0
2023-01-01 22:55:00,34.50270368417979,-123.04770598686456,8.980968787549461,4.8,0,0
2023-01-01 23:00:00,30.493729318818193,-120.06891241348643,12.443121195195406,5.4,0,0
2023-01-01 23:05:00,31.332619203057774,-119.67590131162297,14.377841612262594,2.5,0,0
2023-01-01 23:10:00,39.1535248760278,-121.99934750263922,7.346301764323629,4.6,1,1
2023-01-01 23:15:00,34.0702926186525,-117.74303541793054,11.37320819702822,2.4,0,0
2023-01-01 23:20:00,33.156200592681756,-117.60867705793571,6.204177708813563,4.9,1,1
2023-01-01 23:25:00,35.29079211990391,-120.76907114899957,10.545224824639318,5.3,0,0
2023-01-01 23:30:00,30.48487627446658,-115.77902573030826,9.139856337838324,5.1,0,0
2023-01-01 23:35:00,34.01563596897721,-115.86950685045171,6.739793431263546,3.0,0,0
2023-01-01 23:40:00,32.6468150717801,-117.52617902538555,10.877075422103685,4.8,0,0
2023-01-01 23:45:00,34.02820530641783,-117.25975921579413,7.424857539074361,5.3,0,0
2023-01-01 23:50:00,37.43429664197815,-124.60378403206688,5.459565088553497,3.4,0,0
2023-01-01 23:55:00,36.324117869688294,-119.98720035723603,14.567403804282916,4.4,0,0
2023-01-02 00:00:00,31.527736784960176,-120.31313996076133,13.854320605636858,4.9,1,1
2023-01-02 00:05:00,35.52437783209393,-116.93293762778585,13.651315959490741,4.0,0,0
2023-01-02 00:10:00,38.29842001443955,-122.18340588415488,13.62653440556157,5.4,0,0
2023-01-02 00:15:00,39.30472745356485,-124.75516293565406,10.601431617875118,2.8,0,0
2023-01-02 00:20:00,35.229621328279464,-116.08897088390248,10.275930726009154,2.2,0,0
2023-01-02 00:25:00,38.36991600402971,-121.14755369891422,8.042025707187431,2.9,1,0
2023-01-02 00:30:00,34.09178696042724,-115.22991741538091,13.489380524984044,3.5,1,0
2023-01-02 00:35:00,38.67557794875182,-120.14352003876175,9.085991630801672,4.3,0,0
2023-01-02 00:40:00,32.56641293531994,-122.62388079472079,14.53731805081906,3.9,0,0
2023-01-02 00:45:00,33.53124157400859,-124.76887790591489,6.300198197595241,2.7,0,0
2023-01-02 00:50:00,36.36070475659572,-122.57804229144986,10.070263040879436,5.3,0,0
2023-01-02 00:55:00,36.026264882321044,-121.2386470227128,13.443658751856702,2.4,1,0
2023-01-02 01:00:00,32.263297169664284,-122.7605500059616,11.74363968141014,5.7,0,0
2023-01-02 01:05:00,36.45291684906504,-120.89131681804919,14.03389818222095,3.1,0,0
2023-01-02 01:10:00,32.09963582968127,-116.69605803482239,6.313938283048826,2.7,1,0
2023-01-02 01:15:00,37.73882585497002,-116.76449701323784,6.681081434930948,3.7,1,0
2023-01-02 01:20:00,37.16577764985547,-122.25104221694095,14.862337155507907,3.8,0,0
2023-01-02 01:25:00,35.63267663697757,-124.97417569342028,7.891295857147509,4.5,1,0
2023-01-02 01:30:00,34.82451331692255,-124.21170230643901,10.98946314258595,2.7,1,0
2023-01-02 01:35:00,33.7379906880989,-115.8629075359714,8.903731186549075,3.7,0,0
2023-01-02 01:40:00,37.834317032411136,-124.11051069332282,11.555781375342765,3.7,0,0
2023-01-02 01:45:00,39.74841419453669,-115.63337860436276,10.874100124158849,3.0,0,0
2023-01-02 01:50:00,31.876283311521117,-115.33622164693607,13.050566182068655,2.3,0,0
2023-01-02 01:55:00,36.32949612532863,-122.70693472030155,8.874824670785575,4.1,0,0
2023-01-02 02:00:00,35.972203534550175,-116.98757235108123,8.631557157751056,3.5,0,0
2023-01-02 02:05:00,33.71964115867992,-116.09652945261328,13.183727705129773,2.2,0,0
2023-01-02 02:10:00,39.90818130639564,-118.08504592258328,5.407429504233447,4.7,1,1
2023-01-02 02:15:00,30.666807211040126,-116.36515998326391,10.953623982487478,5.6,0,0
2023-01-02 02:20:00,38.547415212673485,-116.37116859329393,6.868463518350556,5.0,0,0
2023-01-02 02:25:00,39.113650473822624,-118.89851284141437,5.9714003678303476,5.7,0,0
2023-01-02 02:30:00,30.905807498478143,-118.9122301165714,12.319089238410418,2.1,0,0
2023-01-02 02:35:00,34.819501433214015,-121.1543888090671,14.168183423982503,2.5,1,0
2023-01-02 02:40:00,35.963683628642066,-117.87847091242979,14.41735814528071,4.7,1,1
2023-01-02 02:45:00,34.039633054635345,-117.81213885608358,14.382835311205314,2.7,1,0
2023-01-02 02:50:00,32.55428363270021,-119.59347005765827,13.841105039481226,4.8,0,0
2023-01-02 02:55:00,32.21641722116001,-119.1513134871618,8.777510108650096,4.6,0,0
2023-01-02 03:00:00,34.02462270233934,-116.3703464745261,7.991441423865635,5.8,0,0
2023-01-02 03:05:00,38.87451392599496,-123.51588713176398,11.818680084103423,2.8,0,0
2023-01-02 03:10:00,32.84378011535603,-115.21823688485566,14.343179026244602,5.0,0,0
2023-01-02 03:15:00,36.087962245091134,-118.82066393593385,14.667518206704369,4.1,0,0
2023-01-02 03:20:00,35.805403529556244,-119.84892662766806,9.462490793904491,2.3,1,0
2023-01-02 03:25:00,39.27013824594304,-121.52065657989215,13.824322396075686,4.1,0,0
2023-01-02 03:30:00,39.32576605283416,-120.254965590435,11.106480803947472,3.8,0,0
2023-01-02 03:35:00,35.66219698413719,-117.58235702392045,7.862705893402772,5.6,0,0
2023-01-02 03:40:00,31.24421661172563,-116.76255681270995,5.337865026557895,2.2,0,0
2023-01-02 03:45:00,33.119956277624695,-121.3509369881401,10.432349492858092,2.6,1,0
2023-01-02 03:50:00,37.578001925935354,-118.17205537129259,8.903699202635039,5.1,0,0
2023-01-02 03:55:00,30.05443841966532,-122.3912530050511,5.466222377782789,2.2,0,0
2023-01-02 04:00:00,34.905071897931464,-121.81081265487788,7.785483369920781,4.5,0,0
2023-01-02 04:05:00,38.032503162834324,-117.62331586349787,14.115433476458708,2.2,0,0
2023-01-02 04:10:00,38.751015314430845,-120.13087473140442,8.864972674321333,2.6,0,0
2023-01-02 04:15:00,33.310382468429665,-115.70503373697812,13.443630500646615,5.7,0,0
2023-01-02 04:20:00,38.29470351873029,-115.64242582287888,9.420070319673485,4.9,0,0
2023-01-02 04:25:00,35.49354458681147,-124.60522367755969,13.087308925568147,5.1,0,0
2023-01-02 04:30:00,33.4453019682501,-124.74796616114426,8.870581940561893,6.0,0,0
2023-01-02 04:35:00,30.45886955893728,-121.68182542719016,10.07949849030556,5.5,0,0
2023-01-02 04:40:00,36.7025051798705,-120.95001749841704,10.651067597044165,4.4,0,0
2023-01-02 04:45:00,33.393150975100816,-117.69929903778169,10.09387709517388,4.9,0,0
2023-01-02 04:50:00,37.04715388846124,-124.13063507312224,5.5228878435206505,2.5,0,0
2023-01-02 04:55:00,38.170383686667236,-115.33373999741751,10.852631121627667,3.6,0,0
2023-01-02 05:00:00,33.1258170854202,-120.76612220811172,5.772505457685682,2.3,0,0
2023-01-02 05:05:00,37.90552462463508,-117.75502413848336,12.069400100314818,2.8,0,0
2023-01-02 05:10:00,38.15370953810649,-121.23862926493942,8.103275091900777,3.1,1,0
2023-01-02 05:15:00,37.226883582951864,-116.8289628618888,6.936391543657406,5.2,0,0
2023-01-02 05:20:00,32.624037885558245,-122.21710431177347,9.352934950903167,4.6,0,0
2023-01-02 05:25:00,31.084926466039242,-118.23020102412927,8.631895005830504,3.3,0,0
2023-01-02 05:30:00,37.64122584425903,-119.04918123721896,13.595591052603822,4.8,0,0
2023-01-02 05:35:00,36.913384050415374,-118.67683818341214,10.484959030446468,4.1,0,0
2023-01-02 05:40:00,33.555526760273324,-117.37776382128047,6.51405718720207,4.3,0,0
2023-01-02 05:45:00,34.021242272252266,-121.49663212927449,11.06571878780543,5.2,0,0
2023-01-02 05:50:00,39.49382191064535,-120.80183870290124,14.367637397221296,5.8,0,0
2023-01-02 05:55:00,35.446587465925006,-115.34375229960808,13.062897367481527,4.0,0,0
2023-01-02 06:00:00,34.49665542654172,-116.26442208695926,11.16253146220686,4.8,1,1
2023-01-02 06:05:00,30.388446604100505,-122.33818310489696,7.728319252863201,2.2,1,0
2023-01-02 06:10:00,30.04671769954625,-122.25513327560981,9.409754803449914,3.5,0,0
2023-01-02 06:15:00,38.435618161704966,-121.2193697748194,8.813410816961916,3.0,1,0
2023-01-02 06:20:00,39.87466839243155,-124.87286507648459,8.042471443403574,3.2,0,0
2023-01-02 06:25:00,34.95625806089452,-117.30475752007418,6.558771557230912,5.8,0,0
2023-01-02 06:30:00,31.515435472476515,-120.09130153642012,9.563491317244619,3.4,0,0
2023-01-02 06:35:00,32.45617412245822,-120.42015480376253,10.588303490098292,3.5,1,0
2023-01-02 06:40:00,30.11713247548519,-118.8450217977346,12.026232415112176,3.0,0,0
2023-01-02 06:45:00,30.540284957131277,-122.8732423702275,14.861768474970143,2.9,1,0
2023-01-02 06:50:00,36.183318312098606,-116.46659319253568,13.73109618071704,2.4,1,0
2023-01-02 06:55:00,30.03896056904554,-122.4333468322239,7.839131435594881,3.0,0,0
2023-01-02 07:00:00,31.62739940941723,-122.97557689713602,5.75828028406505,5.2,1,1
2023-01-02 07:05:00,39.87048217373044,-118.05042958146433,5.7841281508143085,3.8,0,0
2023-01-02 07:10:00,33.994092518861635,-117.71585722280741,13.306394126013537,3.2,0,0
2023-01-02 07:15:00,33.28372953413367,-117.84523939319077,8.584096878068422,6.0,0,0
2023-01-02 07:20:00,30.86269360639852,-117.91720309342797,10.677866285333263,4.7,0,0
2023-01-02 07:25:00,31.27517106540107,-115.79546667978339,12.648720022452036,4.7,0,0
2023-01-02 07:30:00,30.523556179072752,-118.90024670551001,11.669523136272428,5.4,0,0
2023-01-02 07:35:00,36.191538518070615,-118.95050046585864,11.852326194545373,4.0,0,0
2023-01-02 07:40:00,36.52299923697008,-117.06844876693944,11.890042029841984,5.5,0,0
2023-01-02 07:45:00,31.929481672696227,-119.02830304105558,11.280846379945945,4.4,0,0
2023-01-02 07:50:00,34.85797201775384,-121.47579982353115,10.59895019595811,2.8,0,0
2023-01-02 07:55:00,37.91158998178014,-119.97900104716838,13.88166327221707,5.9,0,0
2023-01-02 08:00:00,36.40161743380897,-115.61416820825411,11.232087617049718,2.6,0,0
2023-01-02 08:05:00,31.04943988520802,-121.27971152586495,11.367992162855069,5.1,0,0
2023-01-02 08:10:00,38.90504502420232,-123.05422263340486,11.859470202945626,4.9,0,0
2023-01-02 08:15:00,32.690385721036776,-119.04300804618732,12.901330471716527,4.9,0,0
2023-01-02 08:20:00,34.20967591284369,-119.0485221519267,9.741498902872188,2.0,0,0
2023-01-02 08:25:00,36.00545560495209,-120.57874395061198,9.774322713902894,3.2,1,0
2023-01-02 08:30:00,32.59523479500743,-119.69365563798013,11.068793585831884,5.1,0,0
2023-01-02 08:35:00,33.8017256601491,-119.12166807202917,8.976317259803436,2.9,0,0
2023-01-02 08:40:00,38.21397823998849,-116.25002240970353,10.493157441877615,5.6,1,1
2023-01-02 08:45:00,30.46730130390943,-117.11492482973472,11.660361783963396,4.7,0,0
2023-01-02 08:50:00,36.646165547131055,-121.81046398404678,14.844574033240264,5.8,0,0
2023-01-02 08:55:00,38.045143555975216,-116.96562121789447,14.204402762864124,3.0,0,0
2023-01-02 09:00:00,32.337938786431046,-121.51254336265514,7.523010288060191,4.9,0,0
2023-01-02 09:05:00,31.565813848051178,-117.9332115292729,5.091495949248291,3.6,1,0
2023-01-02 09:10:00,39.95214838764031,-123.46410745731073,9.316846564780516,3.8,0,0
2023-01-02 09:15:00,30.145023014529045,-115.43641202204176,5.808670259475174,5.9,0,0
2023-01-02 09:20:00,38.71765455837832,-124.8332699143933,10.675518617785999,3.7,1,0
2023-01-02 09:25:00,34.17961693422039,-119.289784199433,5.734361424002053,3.0,1,0
2023-01-02 09:30:00,33.04629740475217,-124.16557068732114,5.095558178315718,2.1,0,0
2023-01-02 09:35:00,38.28158138071035,-115.33793114908111,14.043380671244844,6.0,1,1
2023-01-02 09:40:00,33.878409716490864,-115.60528273886557,6.372245850907036,4.6,0,0
2023-01-02 09:45:00,33.43601384818875,-118.23316199109361,14.708494850016578,2.0,0,0
2023-01-02 09:50:00,35.32757243860057,-117.35611456246012,9.007587067299365,5.3,1,1
2023-01-02 09:55:00,31.957440333086666,-119.63075321268518,8.337126513596928,5.3,1,1
2023-01-02 10:00:00,30.187048442217314,-116.24274102787761,8.250261969966795,3.6,1,0
2023-01-02 10:05:00,36.960783460633344,-120.97805760349426,10.280168560649116,3.2,0,0
2023-01-02 10:10:00,36.770943380735446,-121.15379093161609,11.224364378516487,2.4,1,0
2023-01-02 10:15:00,32.322844395355624,-124.68145853779507,13.100337206504216,3.5,0,0
2023-01-02 10:20:00,37.15493316853252,-121.16582346429526,14.988176088293468,3.4,0,0
2023-01-02 10:25:00,30.970693449382836,-123.10743358937233,5.751133990285315,3.6,1,0
2023-01-02 10:30:00,39.02016361409324,-118.72579636937058,7.873756905405073,5.8,0,0
2023-01-02 10:35:00,33.933720311098476,-118.23143099974523,14.353578690906366,3.7,0,0
2023-01-02 10:40:00,30.250302144160194,-116.79122790725795,12.041767295856175,3.9,0,0
2023-01-02 10:45:00,35.10610264259162,-116.03275157112876,5.616787405032731,5.1,0,0
2023-01-02 10:50:00,33.690540452467836,-115.61743363619634,9.037501127935064,5.5,0,0
2023-01-02 10:55:00,39.20607470828752,-117.6415232313789,12.393113700766506,5.5,0,0
2023-01-02 11:00:00,36.1344320065991,-122.78265176846384,10.592426377555736,5.5,0,0
2023-01-02 11:05:00,35.18079114349114,-118.93739313411567,5.723751351919548,4.5,1,0
2023-01-02 11:10:00,33.58778075179276,-123.53540850151622,14.030236092439473,5.9,0,0
2023-01-02 11:15:00,36.239256878168064,-122.87397107322731,9.05364774339077,3.3,0,0
2023-01-02 11:20:00,39.83315451496182,-123.88201414966012,13.751026191218298,3.2,1,0
2023-01-02 11:25:00,36.862172561264515,-115.79032572439478,14.318716840707275,3.8,1,0
2023-01-02 11:30:00,35.368515492168896,-117.43903705315212,9.947298991610449,4.2,1,0
2023-01-02 11:35:00,36.20245586316412,-123.76551675652775,8.021293914836033,5.0,1,1
2023-01-02 11:40:00,33.54165357400787,-119.41759227310041,8.302830212158083,2.5,1,0
2023-01-02 11:45:00,39.6350305223856,-123.12213109909932,6.879344996360091,2.5,1,0
2023-01-02 11:50:00,30.176507553081695,-124.87818248340014,5.504711346588801,2.8,0,0
2023-01-02 11:55:00,35.93718651088626,-124.52571375451845,9.090395945630732,4.0,0,0
2023-01-02 12:00:00,30.79881889094711,-119.089629078032,10.546552792491502,4.8,1,1
2023-01-02 12:05:00,33.46352383932803,-118.9459727307683,8.264124883155052,3.6,0,0
2023-01-02 12:10:00,33.87147787271813,-115.09736120864507,10.985483180310037,5.3,1,1
2023-01-02 12:15:00,35.47650522197656,-123.11910541114318,7.626148604878996,5.1,1,1
2023-01-02 12:20:00,31.31470056131754,-122.89544362227201,12.016846550010245,4.5,0,0
2023-01-02 12:25:00,31.502970139708495,-122.95405465632984,9.496928759806924,3.8,0,0
2023-01-02 12:30:00,39.56503070344024,-118.61718887912156,10.14141099547839,4.2,0,0
2023-01-02 12:35:00,31.346127863432983,-121.73911942375855,10.56610622131965,2.7,0,0
2023-01-02 12:40:00,38.78828655564595,-123.99963409696903,12.745564942973665,4.4,0,0
2023-01-02 12:45:00,37.47630845362836,-116.96034800657844,13.327098478336488,4.8,0,0
2023-01-02 12:50:00,36.52243778045126,-117.23726297590801,12.824056091600289,2.5,0,0
2023-01-02 12:55:00,31.56053050993015,-118.98669857557196,8.103825703389324,5.5,0,0
2023-01-02 13:00:00,38.64811493930063,-124.13342571541901,14.295724460038699,2.1,0,0
2023-01-02 13:05:00,32.98454616106143,-117.95507317205707,10.743269459335966,5.5,0,0
2023-01-02 13:10:00,38.56604107888022,-122.56678392468565,9.416308820057335,2.8,1,0
2023-01-02 13:15:00,34.58242116014732,-115.2276493086738,11.79079744922295,2.1,0,0
2023-01-02 13:20:00,30.667412791255618,-117.58671441093284,12.439764592305274,5.6,0,0
2023-01-02 13:25:00,31.331802154602233,-123.53949516319238,13.820000877863773,2.2,0,0
2023-01-02 13:30:00,33.38126189741628,-115.83953879131778,11.900610341975106,4.3,0,0
2023-01-02 13:35:00,34.25998285850354,-117.30774853392067,12.734219051919183,2.6,0,0
2023-01-02 13:40:00,30.774741440502332,-122.71839981679526,9.302264877188312,3.2,1,0
2023-01-02 13:45:00,32.82540294305387,-119.24493278794704,9.153255006852362,4.4,0,0
2023-01-02 13:50:00,31.914307643863825,-122.75745410291384,7.297147358273851,3.8,1,0
2023-01-02 13:55:00,39.78190366936597,-124.8264028931686,13.028826286371013,4.7,0,0
2023-01-02 14:00:00,31.242515509318316,-120.79762952405108,14.53630794610966,3.8,1,0
2023-01-02 14:05:00,38.85391050162743,-120.10704602950656,13.043018770438938,2.1,1,0
2023-01-02 14:10:00,36.38523329629509,-119.4631764972201,12.702190536263318,2.4,1,0
2023-01-02 14:15:00,37.8999855543282,-121.12872597594776,10.164563108464906,3.7,0,0
2023-01-02 14:20:00,34.23815725031135,-122.92857327076514,7.138306523179116,4.7,0,0
2023-01-02 14:25:00,31.85895804320632,-115.09322748486923,8.020171086597514,2.6,0,0
2023-01-02 14:30:00,32.80327312627812,-116.59615468816702,7.699968449159666,5.6,1,1
2023-01-02 14:35:00,31.92363462013607,-124.47919192140773,11.973282979754005,5.0,0,0
2023-01-02 14:40:00,31.128455445656318,-116.19336080911805,5.934241174154014,3.3,1,0
2023-01-02 14:45:00,30.03355892186067,-120.24668872824373,9.877700532559238,3.9,0,0
2023-01-02 14:50:00,35.683067615367676,-116.67260733048256,6.379358686170215,6.0,0,0
2023-01-02 14:55:00,32.76231429507764,-122.31414963051876,14.579150646526319,4.9,0,0
2023-01-02 15:00:00,32.98384399492307,-122.5167209075348,6.815494805699986,6.0,1,1
2023-01-02 15:05:00,30.637065318361188,-117.41989174249494,7.878519710010527,4.7,0,0
2023-01-02 15:10:00,35.06228593061029,-123.96111291706647,9.549785231003192,2.1,0,0
2023-01-02 15:15:00,33.75847999571041,-117.99878346546446,10.252014577316158,5.2,1,1
2023-01-02 15:20:00,37.545211018065125,-124.08700994966686,5.3357997481209924,3.5,0,0
2023-01-02 15:25:00,35.38748978577975,-117.51608360703467,10.54552052003726,4.3,1,0
2023-01-02 15:30:00,37.01120810627527,-117.96353470795509,14.299265699106193,3.5,0,0
2023-01-02 15:35:00,39.86390626075402,-118.62644664811913,10.63087383748313,5.0,0,0
2023-01-02 15:40:00,32.23643801145054,-116.30305642149337,5.85266935810963,2.8,0,0
2023-01-02 15:45:00,31.110895988481197,-117.81664129322833,14.626477025603009,3.8,1,0
2023-01-02 15:50:00,34.69606476665478,-117.74791008674477,12.362143459087502,3.3,0,0
2023-01-02 15:55:00,31.842206023569318,-124.25532233492183,9.356557101412431,2.2,0,0
2023-01-02 16:00:00,38.40978231576651,-119.42699651649299,12.326183489890777,2.8,0,0
2023-01-02 16:05:00,31.787050111641893,-121.84438212115477,12.354810136705755,3.0,0,0
2023-01-02 16:10:00,30.39474718338155,-120.05445063619689,13.31446640805838,4.4,0,0
2023-01-02 16:15:00,30.481741489195038,-119.11769972925005,9.485887095962164,4.6,1,1
2023-01-02 16:20:00,38.90260540675695,-122.51749668410545,11.250049638903096,4.6,1,1
2023-01-02 16:25:00,33.03252191446101,-121.36939156811233,6.78123853640073,4.4,0,0
2023-01-02 16:30:00,39.93002239602892,-117.01438186713368,6.504787195246178,5.5,0,0
2023-01-02 16:35:00,33.072026707601935,-118.8795881725444,12.282392628381855,5.5,0,0
2023-01-02 16:40:00,35.438323161673495,-121.59612893028412,13.314716357414198,5.2,0,0
2023-01-02 16:45:00,39.54368798880014,-120.36595038010213,9.436550223313315,5.4,0,0
2023-01-02 16:50:00,34.141196796659116,-121.70398370371151,12.723819049954217,4.6,0,0
2023-01-02 16:55:00,38.703397512130394,-121.46500364990115,5.558844742456351,2.3,0,0
2023-01-02 17:00:00,38.203591611996245,-116.0849096814863,14.357921597566571,5.1,0,0
2023-01-02 17:05:00,34.86172786640284,-119.5091493783186,14.053369741409728,3.6,0,0
2023-01-02 17:10:00,35.5955939233408,-120.95131955949915,8.63991184298019,2.3,1,0
2023-01-02 17:15:00,33.637197462967826,-115.86032585349488,6.035524446252199,3.6,0,0
2023-01-02 17:20:00,38.00507344598411,-121.5117810926306,12.894636534086867,2.3,0,0
2023-01-02 17:25:00,33.38856752579491,-116.01779180560801,7.250469768715066,2.6,0,0
2023-01-02 17:30:00,36.805002611875274,-121.29374643650608,10.278641906416532,2.5,0,0
2023-01-02 17:35:00,38.99629426085836,-121.72898998024708,10.379717677114405,3.6,0,0
2023-01-02 17:40:00,30.22396795182728,-121.1937644427326,13.451430689485587,3.2,1,0
2023-01-02 17:45:00,32.20999249792462,-122.3278071946849,6.401353224105063,3.3,0,0
2023-01-02 17:50:00,35.236023944729496,-124.57161933784937,8.224481065853698,5.6,0,0
2023-01-02 17:55:00,33.7995708560374,-120.65995281129601,10.225252656807546,3.3,0,0
2023-01-02 18:00:00,37.32672350349886,-123.75546653753523,6.871407703106195,4.1,0,0
2023-01-02 18:05:00,32.443490003775146,-120.71201359834578,6.330827406871401,3.4,1,0
2023-01-02 18:10:00,31.58561840593427,-117.16823001792429,5.401525818352793,2.3,0,0
2023-01-02 18:15:00,38.807594821731044,-121.92324568017388,11.226872626628577,5.1,1,1
2023-01-02 18:20:00,31.747134096589022,-124.46765664258376,10.86128750952642,6.0,0,0
2023-01-02 18:25:00,34.61458962918388,-120.420057372683,5.804369375284103,5.6,0,0
2023-01-02 18:30:00,34.541915660041504,-122.73987122048935,13.267571192529124,5.7,0,0
2023-01-02 18:35:00,36.631594688783146,-123.0428614576828,14.14073004094284,4.2,0,0
2023-01-02 18:40:00,36.41322702725275,-121.22635019094476,10.799013532758519,3.1,0,0
2023-01-02 18:45:00,39.19718625422914,-121.89931136871634,6.6840624235994275,4.7,0,0
2023-01-02 18:50:00,30.30938866822546,-120.12040539391546,11.699677512392455,3.8,0,0
2023-01-02 18:55:00,30.463586392606505,-115.64222765766876,13.79170579758798,4.3,0,0
2023-01-02 19:00:00,38.97062890964587,-119.81413866160575,11.785232461227668,3.5,1,0
2023-01-02 19:05:00,37.589916137955825,-117.68094473064144,14.203830605303907,2.6,0,0
2023-01-02 19:10:00,35.70813243895489,-118.11761008524961,6.704167314498583,5.4,0,0
2023-01-02 19:15:00,35.003718049494196,-121.66279674731041,6.662573874659577,2.3,0,0
2023-01-02 19:20:00,37.37647368729418,-122.20018053849661,13.62233487659977,5.7,1,1
2023-01-02 19:25:00,32.287860872980076,-123.89407336622833,14.626708983705868,5.6,0,0
2023-01-02 19:30:00,33.36153803194775,-123.5744724756459,11.717209507369414,5.6,0,0
2023-01-02 19:35:00,31.770583124924208,-118.7893445315546,6.962550718867529,3.1,0,0
2023-01-02 19:40:00,38.02140090106505,-117.2726113344625,8.978870134850652,3.9,0,0
2023-01-02 19:45:00,36.88213992329966,-124.31143658422369,12.91597364483694,4.4,0,0
2023-01-02 19:50:00,36.44300861174311,-120.07885691999482,9.907606712756248,3.4,1,0
2023-01-02 19:55:00,35.79780104156884,-122.94134045865546,10.14750813524481,2.8,0,0
2023-01-02 20:00:00,31.820028078324572,-116.61891562094898,8.028457010528946,4.2,0,0
2023-01-02 20:05:00,37.925660989036906,-118.81060747311199,8.608413734778797,2.8,1,0
2023-01-02 20:10:00,36.447337579691755,-118.58903320097701,6.0428953578576685,5.4,1,1
2023-01-02 20:15:00,35.7535299934345,-117.7979764620232,14.961861926171242,3.0,0,0
2023-01-02 20:20:00,32.61490114163255,-124.4068569396993,11.96802260563128,3.5,0,0
2023-01-02 20:25:00,32.5151150537815,-119.9965226880417,7.993990434526976,2.4,0,0
2023-01-02 20:30:00,32.632361468128046,-118.36843685896797,7.1576403975165634,4.1,0,0
2023-01-02 20:35:00,34.15106527776249,-116.80971741131347,13.520674820633257,4.4,0,0
2023-01-02 20:40:00,38.72787806960615,-119.88055817713403,12.645529594255382,4.0,0,0
2023-01-02 20:45:00,33.35481796492595,-121.72266463160047,10.764783385260861,2.0,1,0
2023-01-02 20:50:00,30.041487660136045,-124.97864535296523,14.62816693507895,3.2,0,0
2023-01-02 20:55:00,37.66789761793933,-117.86961090775924,12.309616317386318,4.0,0,0
2023-01-02 21:00:00,33.08547264120095,-115.78219774712774,11.263257303772852,2.1,0,0
2023-01-02 21:05:00,35.83171834274656,-117.62826840881418,7.9637881995191915,3.6,0,0
2023-01-02 21:10:00,32.64162736302415,-123.99791838714081,11.003473603186642,4.4,0,0
2023-01-02 21:15:00,31.46932324948761,-119.40353841681767,10.554454730308331,2.7,0,0
2023-01-02 21:20:00,35.17864588496008,-115.05474791387596,7.3562969990996745,2.4,0,0
2023-01-02 21:25:00,38.08282641517282,-121.95898749581184,12.888905427279301,2.3,1,0
2023-01-02 21:30:00,35.89559042892832,-118.55654421101656,5.199003872902191,5.8,0,0
2023-01-02 21:35:00,30.88425607215101,-124.66466949764495,11.8765140919934,2.6,0,0
2023-01-02 21:40:00,39.14588886465973,-117.70230457444202,7.187190248942246,4.7,0,0
2023-01-02 21:45:00,31.80303066723361,-120.95304614561672,7.1273635318342095,5.8,1,1
2023-01-02 21:50:00,33.016479488063176,-123.95184573863084,13.929719094561076,2.0,0,0
2023-01-02 21:55:00,34.16329683115201,-121.59932347001896,12.079680213633228,4.0,0,0
2023-01-02 22:00:00,31.6880933173099,-118.39782420562773,7.162717610831879,2.1,0,0
2023-01-02 22:05:00,37.733724201685746,-116.5060859339277,6.014630843450535,6.0,0,0
2023-01-02 22:10:00,33.53048839014099,-123.3689284714271,7.166801305678213,5.2,1,1
2023-01-02 22:15:00,32.627696083727095,-120.81929472877857,6.451428047381629,3.8,0,0
2023-01-02 22:20:00,37.85483878003473,-121.8729533072435,9.262195249430114,4.2,0,0
2023-01-02 22:25:00,36.42271247588903,-119.2585128283867,6.688337563512764,4.9,0,0
2023-01-02 22:30:00,30.51522844895752,-115.32103111014928,6.105840146106035,3.9,0,0
2023-01-02 22:35:00,38.256381298880854,-124.12330581605933,11.560711622855187,5.3,0,0
2023-01-02 22:40:00,38.916309026752984,-116.88967239279783,10.07680881609702,3.3,0,0
2023-01-02 22:45:00,39.45782705424009,-120.38904205611259,6.813230990076034,3.0,0,0
2023-01-02 22:50:00,30.950389656818135,-121.33258817148497,12.571788667211736,5.5,1,1
2023-01-02 22:55:00,30.327799923681617,-118.14149427083498,5.531720836497465,2.7,0,0
2023-01-02 23:00:00,38.1571288433004,-116.99831513824981,6.093893737533261,4.4,0,0
2023-01-02 23:05:00,31.916640659471362,-124.45072261922718,14.923088499392911,2.4,0,0
2023-01-02 23:10:00,34.02051540025455,-115.46062808419605,14.555207139876131,4.4,0,0
2023-01-02 23:15:00,32.62396600779499,-121.3721313045886,5.709299582011573,2.1,0,0
2023-01-02 23:20:00,36.22094748000954,-122.49928897638051,10.9622107666621,3.2,0,0
2023-01-02 23:25:00,30.141243317792604,-123.4665487898546,7.897080960783117,4.4,0,0
2023-01-02 23:30:00,38.33421066296546,-115.13742561586223,5.8922065246442035,2.8,1,0
2023-01-02 23:35:00,36.731161725938506,-123.4446439745903,12.356380361817676,5.6,0,0
2023-01-02 23:40:00,34.90806883320662,-121.7689072366875,12.883084366191472,4.2,0,0
2023-01-02 23:45:00,32.9720259200639,-123.24864424213345,9.590707403518106,4.1,1,0
2023-01-02 23:50:00,32.067851692804076,-115.19808341426042,14.818495815681954,5.6,0,0
2023-01-02 23:55:00,38.91889473830034,-115.13708454351566,14.722788767506287,4.9,1,1
2023-01-03 00:00:00,30.23924156571134,-123.1581096566984,14.217569687208304,2.2,0,0
2023-01-03 00:05:00,38.8321990124993,-116.80105731022844,11.28224491986455,2.6,0,0
2023-01-03 00:10:00,34.411721527402996,-119.06171726885196,13.191961528173902,4.7,0,0
2023-01-03 00:15:00,31.776886549620208,-122.33695002633469,11.199856537471874,2.6,0,0
2023-01-03 00:20:00,30.091954698523935,-122.950176683847,9.443117622059797,5.4,0,0
2023-01-03 00:25:00,34.72832861023009,-124.14296527739309,5.505377464495442,3.3,0,0
2023-01-03 00:30:00,33.113974405099256,-118.76601038454767,14.647253005066975,4.1,0,0
2023-01-03 00:35:00,39.85681451028914,-123.53139673078505,13.462520813955326,2.6,0,0
2023-01-03 00:40:00,31.54095817002638,-120.10622640931349,14.444492432355196,4.2,1,0
2023-01-03 00:45:00,35.30295455982846,-124.6077049286044,12.011067771135084,4.6,0,0
2023-01-03 00:50:00,32.4106133521895,-115.19674330920725,9.486360188006731,2.4,1,0
2023-01-03 00:55:00,36.21188161400351,-115.88328964205897,11.094182013747538,4.1,0,0
2023-01-03 01:00:00,39.454137636614206,-118.72967001557285,11.223561656304856,5.4,0,0
2023-01-03 01:05:00,32.38841256372654,-119.98515635663449,9.57867395161031,3.0,0,0
2023-01-03 01:10:00,33.21166238444175,-124.91309409544364,9.524140790163951,2.6,1,0
2023-01-03 01:15:00,31.288052528736067,-116.85540484779129,6.085609213955582,2.9,0,0
2023-01-03 01:20:00,37.2611369729115,-120.50704381161493,7.773415504117875,4.4,0,0
2023-01-03 01:25:00,36.20089972546873,-119.56224276838775,14.55131547416417,5.7,0,0
2023-01-03 01:30:00,37.697036716442454,-123.42589317446618,9.83294345698977,5.0,0,0
2023-01-03 01:35:00,37.77506038181987,-118.83054662452498,7.110479120045713,2.5,0,0
2023-01-03 01:40:00,32.625751732693594,-118.95997752909487,11.316306113946755,2.4,0,0
2023-01-03 01:45:00,32.50967864228274,-122.46543790109385,11.094625049221035,3.6,1,0
2023-01-03 01:50:00,32.96428638580707,-116.42857552456165,10.968906875306867,2.1,1,0
2023-01-03 01:55:00,33.99241801309731,-120.12520870409303,13.470997429975405,2.7,1,0
2023-01-03 02:00:00,39.7611446316719,-121.697745457012,11.40335042202926,2.5,0,0
2023-01-03 02:05:00,35.79435188624374,-116.3242385545257,11.048502775822634,3.7,0,0
2023-01-03 02:10:00,36.53690389383347,-120.44549611365206,5.754739067059517,3.9,0,0
2023-01-03 02:15:00,31.68981599801029,-119.62373231504111,9.95906453752044,3.2,0,0
2023-01-03 02:20:00,39.56728847499873,-117.93730763162272,10.249798622967461,2.8,0,0
2023-01-03 02:25:00,30.298225215498874,-124.32121745473813,5.69009730218374,3.0,0,0
2023-01-03 02:30:00,36.551523289424814,-122.96735852499349,5.30727624816916,3.2,1,0
2023-01-03 02:35:00,33.28434324640752,-124.30221829071225,8.751763706261588,3.6,1,0
2023-01-03 02:40:00,30.96690357324224,-121.63203105015788,14.281205170098163,5.8,0,0
2023-01-03 02:45:00,34.72872779301301,-116.92081146636909,12.739108874682348,5.9,1,1
2023-01-03 02:50:00,36.07134256285173,-120.77003013422245,9.704694889484752,2.2,1,0
2023-01-03 02:55:00,34.32663175796741,-119.00228608685082,10.1978720518189,5.1,1,1
2023-01-03 03:00:00,39.12693796776149,-124.26549030790888,5.268390653090618,3.7,0,0
2023-01-03 03:05:00,37.64671846323669,-118.0434511561356,5.577569803201719,3.4,1,0
2023-01-03 03:10:00,35.897101519189995,-117.56202683239535,5.121011991878177,5.6,1,1
2023-01-03 03:15:00,34.571042952032855,-118.99092783775077,12.997064890160257,3.6,0,0
2023-01-03 03:20:00,34.74553906362016,-121.1197190643121,9.659092900864703,4.9,1,1
2023-01-03 03:25:00,35.41240507912872,-120.4356331541786,8.040238320103013,2.8,0,0
2023-01-03 03:30:00,32.668231840386944,-115.47735370263209,6.2233320229345495,3.8,0,0
2023-01-03 03:35:00,33.86268310186561,-121.14852407033713,6.9340689378135965,5.0,1,1
2023-01-03 03:40:00,35.029754959375985,-116.52754735178108,14.959817820672797,4.5,0,0
2023-01-03 03:45:00,34.966996315251315,-119.96623658504676,5.0273442723276585,5.1,1,1
2023-01-03 03:50:00,30.719234316195077,-116.81311243710553,6.386437238228381,2.6,1,0
2023-01-03 03:55:00,38.235624181850696,-115.43952499774093,11.429321068963652,3.6,0,0
2023-01-03 04:00:00,34.26405310948428,-124.38445430677406,12.35890697435718,3.1,0,0
2023-01-03 04:05:00,34.22501586875288,-115.08795110987136,7.151869941656289,3.2,1,0
2023-01-03 04:10:00,31.532517181100662,-116.6287012852886,5.544344019041302,3.0,1,0
2023-01-03 04:15:00,30.965749690705053,-116.27828588068763,7.599780088995268,4.6,0,0
2023-01-03 04:20:00,38.738059285074755,-120.17055916523772,11.483918511072682,4.9,0,0
2023-01-03 04:25:00,33.21158238606084,-122.02795645303462,5.128870593149962,5.2,1,1
2023-01-03 04:30:00,31.006587632867372,-118.67157772843062,11.126279446557188,5.4,0,0
2023-01-03 04:35:00,36.86499932501751,-122.8353716738282,13.38140153880875,4.7,1,1
2023-01-03 04:40:00,34.411854010361886,-117.52008122855372,13.913335043923777,2.5,0,0
2023-01-03 04:45:00,33.259961683547296,-115.4111205622894,10.968750582796808,2.5,0,0
2023-01-03 04:50:00,39.566551687447486,-115.62938767644131,12.665612578198845,4.5,0,0
2023-01-03 04:55:00,30.333472883288174,-115.78873650394209,12.37400590296004,4.6,0,0
2023-01-03 05:00:00,36.1949446607809,-121.84129876061286,5.640075291256795,2.8,0,0
2023-01-03 05:05:00,35.81785951217195,-121.60468351437967,5.9794657178729285,3.5,0,0
2023-01-03 05:10:00,30.5671891750142,-124.23150549081338,11.587020984489701,5.3,1,1
2023-01-03 05:15:00,36.64438469694429,-123.76066806844685,13.006706045074072,5.4,0,0
2023-01-03 05:20:00,35.9394989832015,-120.4213513295545,10.14275180763995,2.3,0,0
2023-01-03 05:25:00,34.68868403962566,-124.2850260536852,5.2012540812102115,4.5,0,0
2023-01-03 05:30:00,30.205322164614007,-122.48973210496528,5.278014757853074,6.0,1,1
2023-01-03 05:35:00,32.17476750593573,-115.02336687001014,8.238987978830973,3.4,0,0
2023-01-03 05:40:00,32.87477655297565,-123.33462785693759,6.9101124094473665,2.1,0,0
2023-01-03 05:45:00,30.95404358295703,-123.73240993995265,12.583269911185901,2.3,0,0
2023-01-03 05:50:00,39.37001020745662,-120.7792479707214,6.0453894400078845,4.4,1,0
2023-01-03 05:55:00,33.63572091446522,-117.43606531639443,14.336452899003847,3.6,0,0
2023-01-03 06:00:00,30.36037331568322,-115.92263788466484,5.6680393727137695,4.6,0,0
2023-01-03 06:05:00,37.82385571068765,-118.11801087827075,10.232816847692295,4.9,0,0
2023-01-03 06:10:00,39.16010435884236,-122.67380487101941,13.05399312990234,3.2,0,0
2023-01-03 06:15:00,31.169849891267518,-122.55022703586776,7.232222874579395,4.2,0,0
2023-01-03 06:20:00,33.22931030579436,-123.88687409007743,6.400998657279962,2.7,0,0
2023-01-03 06:25:00,32.246380626911375,-122.8734949181132,8.647968965181061,2.4,0,0
2023-01-03 06:30:00,36.94622809667811,-116.16950505624852,8.328482667411738,5.5,1,1
2023-01-03 06:35:00,33.96244360499223,-115.85851819662342,13.309240568584078,4.4,1,0
2023-01-03 06:40:00,31.116185628535,-122.49067049637875,12.624751387123235,3.0,1,0
2023-01-03 06:45:00,39.18244830112755,-119.76723449107814,5.396569291145571,3.2,0,0
2023-01-03 06:50:00,38.575780980172226,-119.52151990453923,6.913334424394466,2.2,0,0
2023-01-03 06:55:00,32.124226798639455,-116.24786303705272,6.57084367628518,3.7,1,0
2023-01-03 07:00:00,36.3271396312605,-122.81365698353619,13.216217071523115,5.3,0,0
2023-01-03 07:05:00,30.41418712028608,-124.48866020786973,6.656505021436672,5.0,1,1
2023-01-03 07:10:00,39.444961092167894,-123.85056188737438,5.425428912518973,2.7,0,0
2023-01-03 07:15:00,36.69581161417233,-124.56648239130054,9.407888149506652,3.2,1,0
2023-01-03 07:20:00,37.75536559943641,-123.91346415766834,6.700540435217729,4.8,0,0
2023-01-03 07:25:00,39.24995106325398,-119.11279931375152,12.223628635602193,2.7,1,0
2023-01-03 07:30:00,30.90186279495577,-119.3696807033595,11.704530392396556,3.7,1,0
2023-01-03 07:35:00,34.12931888026876,-118.33438552299185,14.512892381268024,2.6,0,0
2023-01-03 07:40:00,35.99265372807156,-122.17864524622762,8.59981431355132,5.5,0,0
2023-01-03 07:45:00,30.42263459932307,-124.95960612513005,11.143958196415001,4.1,0,0
2023-01-03 07:50:00,30.214754130173752,-116.27746432953109,13.639337849517933,2.4,0,0
2023-01-03 07:55:00,38.47859142245684,-124.84588050767958,14.66334635109796,5.4,1,1
2023-01-03 08:00:00,32.129049501317645,-124.99632159145864,7.40767308957539,3.9,0,0
2023-01-03 08:05:00,32.20018804517923,-121.150501566674,9.992627994164781,2.3,0,0
2023-01-03 08:10:00,38.271133968092194,-121.05318866482418,12.183107371451467,2.1,1,0
2023-01-03 08:15:00,37.161233339536835,-118.78353845379579,6.82332479633298,2.3,1,0
2023-01-03 08:20:00,38.27383783738559,-117.57690324625325,14.735390405855043,3.8,1,0
2023-01-03 08:25:00,33.85226709710671,-121.95885973125178,5.128556320783305,5.5,0,0
2023-01-03 08:30:00,30.822736962984287,-117.74349487319728,13.106629784462159,2.6,1,0
2023-01-03 08:35:00,38.41978562018804,-116.71300513974332,9.181824610753822,3.4,0,0
2023-01-03 08:40:00,35.97942027273335,-118.012612022457,14.295763739134204,5.1,1,1
2023-01-03 08:45:00,31.71833527902288,-117.59088605661216,5.675585405029453,2.6,0,0
2023-01-03 08:50:00,31.945712685200217,-123.37837220711172,13.281685342677488,2.2,0,0
2023-01-03 08:55:00,37.33003929243043,-118.66850547866994,14.523151745597836,5.4,0,0
2023-01-03 09:00:00,32.45432830003317,-120.15742552137516,8.568959378560674,2.1,0,0
2023-01-03 09:05:00,30.79023149933681,-117.30737238278212,7.720472140378475,3.5,1,0
2023-01-03 09:10:00,39.36456884902711,-122.10900659333136,14.42701078625446,4.2,0,0
2023-01-03 09:15:00,33.913809269754296,-116.40424755074599,9.417527515418474,2.3,0,0
2023-01-03 09:20:00,39.06516501081426,-123.12992120347062,5.242969192827395,2.7,0,0
2023-01-03 09:25:00,33.34559479765454,-116.50578035746814,12.56180643249931,4.5,0,0
2023-01-03 09:30:00,35.35951916236069,-117.95691384505812,5.773887763486876,3.0,1,0
2023-01-03 09:35:00,31.939162189020614,-119.35748661001618,11.697442987758293,5.0,0,0
2023-01-03 09:40:00,36.529139834561974,-120.89490212115089,14.860952819576477,4.2,0,0
2023-01-03 09:45:00,37.423261771570814,-122.8619876980137,6.074776235937966,5.8,0,0
2023-01-03 09:50:00,38.472212084014195,-123.29624893804453,12.251800736155037,2.2,1,0
2023-01-03 09:55:00,31.09234941436289,-122.74247655987288,10.187413621718104,5.4,0,0
2023-01-03 10:00:00,33.987416851259965,-121.53086475398302,7.641287293378697,3.3,0,0
2023-01-03 10:05:00,33.33549001267451,-118.06307107409204,14.023472745372661,4.5,0,0
2023-01-03 10:10:00,32.89254304926404,-117.94847977614361,5.941440484188661,5.9,1,1
2023-01-03 10:15:00,30.333607028445186,-118.91017220489793,13.892708128433355,4.7,1,1
2023-01-03 10:20:00,33.841195305641726,-117.10699610797629,5.271709729826924,2.6,0,0
2023-01-03 10:25:00,39.64746501632041,-116.88036757346443,6.03133447092465,3.6,0,0
2023-01-03 10:30:00,35.886287064907364,-115.96440530339666,11.81671124798121,2.9,0,0
2023-01-03 10:35:00,39.84006981105225,-117.70271200153263,14.96128448257286,2.6,0,0
2023-01-03 10:40:00,33.73538199669001,-119.73921594872158,7.459618141540675,4.6,1,1
2023-01-03 10:45:00,37.57416711866788,-117.92799114398257,5.489974600711983,4.4,1,0
2023-01-03 10:50:00,38.332393310617306,-120.34874075351973,10.101349197286904,4.0,1,0
2023-01-03 10:55:00,32.95334847480753,-116.09415048190723,9.713343220702559,3.1,0,0
2023-01-03 11:00:00,31.192723562816177,-122.91466593200836,11.642917736052272,4.6,0,0
2023-01-03 11:05:00,33.82041323847678,-124.77940061567266,10.926493822725467,5.7,0,0
2023-01-03 11:10:00,36.740726196810954,-119.53229316709537,8.015323657774966,3.7,0,0
2023-01-03 11:15:00,33.46241172290054,-121.4712989657547,12.872375025544468,3.4,1,0
2023-01-03 11:20:00,34.28056181457921,-122.77290279090461,10.722411599615315,5.4,1,1
2023-01-03 11:25:00,38.88806782317923,-124.69073395314317,13.199345447494574,5.7,0,0
2023-01-03 11:30:00,33.10571416168392,-121.47302039923923,8.094200842533635,4.8,1,1
2023-01-03 11:35:00,39.706919256217375,-120.77985368237712,9.707683753692695,4.2,0,0
2023-01-03 11:40:00,31.432225363519347,-123.3768605620106,13.698379919273897,4.0,0,0
2023-01-03 11:45:00,38.283879353326945,-115.74752413212062,14.24502888142815,3.0,1,0
2023-01-03 11:50:00,30.40079385861857,-122.44231647128122,5.888323342377672,5.2,0,0
2023-01-03 11:55:00,32.680634568588395,-117.80642614692378,11.316045580513526,3.5,0,0
2023-01-03 12:00:00,35.471562223572654,-116.05900948790004,5.857969303269689,5.4,1,1
2023-01-03 12:05:00,38.937184214396744,-122.26634007681686,9.667649011099595,2.6,1,0
2023-01-03 12:10:00,34.230307492820884,-117.38874738751348,10.07863793460355,5.9,0,0
2023-01-03 12:15:00,37.783246296608716,-124.44035627778975,9.550041319049964,6.0,0,0
2023-01-03 12:20:00,33.767422966630555,-118.73488998934663,12.808240013307525,4.2,0,0
2023-01-03 12:25:00,39.189855169612336,-123.66284773407963,9.305354620387993,3.8,0,0
2023-01-03 12:30:00,30.478244264211707,-121.37817852294596,12.857604305005324,3.5,0,0
2023-01-03 12:35:00,39.14191879140709,-121.83949105795143,14.090585142214106,2.3,0,0
2023-01-03 12:40:00,30.347964192437367,-117.71313603335604,13.100953351489288,3.0,0,0
2023-01-03 12:45:00,33.77734091384525,-116.11931883781152,10.749908853020688,2.3,0,0
2023-01-03 12:50:00,38.412794525589646,-122.70994741374402,10.538689211169977,3.2,0,0
2023-01-03 12:55:00,36.076509148322216,-120.68131239040919,14.07055996553005,3.4,1,0
2023-01-03 13:00:00,31.048634087941345,-124.54988417671062,7.625636367729147,4.6,0,0
2023-01-03 13:05:00,37.46061465365871,-121.98204742651605,10.753797217087916,5.2,0,0
2023-01-03 13:10:00,30.521506147525823,-115.26439209362067,7.738180641498854,5.8,0,0
2023-01-03 13:15:00,36.13593364574234,-124.37215915397218,7.964096357309105,5.7,0,0
2023-01-03 13:20:00,35.0377234410187,-121.70302367387801,6.97727769985256,3.4,0,0
2023-01-03 13:25:00,39.48640307152035,-122.56823927526865,12.085915859416069,2.3,0,0
2023-01-03 13:30:00,34.980625970344576,-122.76830557664834,12.356300110378879,2.1,1,0
2023-01-03 13:35:00,36.10425252089059,-119.9757156838644,11.772087372161266,5.6,0,0
2023-01-03 13:40:00,33.39581976003416,-119.24851052012708,10.832018253786021,2.2,0,0
2023-01-03 13:45:00,35.08279666294996,-122.85945218514978,6.9918217685835184,3.3,0,0
2023-01-03 13:50:00,37.992450717066234,-121.81505810220868,11.315626825622196,3.4,1,0
2023-01-03 13:55:00,34.130197435456886,-120.93165471234018,11.154521545905713,5.8,1,1
2023-01-03 14:00:00,39.89502548261372,-115.1390731118327,14.352416855875278,3.2,0,0
2023-01-03 14:05:00,37.696112051373106,-122.65596193234842,10.3089844079439,2.4,1,0
2023-01-03 14:10:00,34.47256753478545,-123.18088606462145,7.6500648750557865,3.8,0,0
2023-01-03 14:15:00,31.673911465854808,-123.79835932473377,11.726595263282931,2.3,0,0
2023-01-03 14:20:00,39.011420814768584,-124.88763609818457,5.715301630280138,2.5,0,0
2023-01-03 14:25:00,39.56294749587281,-118.14509888307734,6.2372202893930195,2.4,1,0
2023-01-03 14:30:00,38.999551657098465,-124.7197632344918,5.702137619993617,5.0,0,0
2023-01-03 14:35:00,39.23371812383117,-118.69296873757796,14.180420040805476,5.8,0,0
2023-01-03 14:40:00,37.05033073921491,-116.49653326703228,11.314409430136827,5.1,1,1
2023-01-03 14:45:00,30.32907315206687,-119.87857725805209,5.493930257380185,4.6,0,0
2023-01-03 14:50:00,37.26576989806575,-118.16285253816842,11.491059163960855,5.1,0,0
2023-01-03 14:55:00,34.09339100687509,-124.91510467671604,13.462922803319362,4.3,1,0
2023-01-03 15:00:00,37.84949527545629,-116.0939271126563,7.955461773018188,3.0,0,0
2023-01-03 15:05:00,32.02684424629665,-116.67147933535608,14.482574397313044,2.3,0,0
2023-01-03 15:10:00,32.438038880828145,-117.37897740786819,7.575878604386983,5.2,1,1
2023-01-03 15:15:00,33.76533618859333,-116.35002818831043,11.876650739183802,3.4,0,0
2023-01-03 15:20:00,38.26140931072314,-123.61799076298487,14.043016519349786,5.5,0,0
2023-01-03 15:25:00,39.92295412747176,-119.77016437221303,8.719657581718518,5.6,0,0
2023-01-03 15:30:00,38.139705729268435,-122.18507194892781,10.36218501678008,4.9,1,1
2023-01-03 15:35:00,32.14289628294045,-115.72185224530129,7.086990342421186,4.0,0,0
2023-01-03 15:40:00,36.50071474602969,-117.85866804528742,7.2702440752519015,3.6,0,0
2023-01-03 15:45:00,36.81102081465183,-115.10178632084852,6.050900317223418,5.6,1,1
2023-01-03 15:50:00,39.47178979365513,-123.09157265378465,11.994988676234815,3.7,1,0
2023-01-03 15:55:00,31.674866131198257,-119.59916007094021,8.422847274736371,5.1,0,0
2023-01-03 16:00:00,33.71402762388687,-118.8144995720053,6.844496967424564,2.5,1,0
2023-01-03 16:05:00,36.93242534295595,-119.58166404419049,8.134452185587175,3.8,0,0
2023-01-03 16:10:00,34.6402006070715,-116.54208283807861,10.472334744828409,3.2,0,0
2023-01-03 16:15:00,38.89413605685231,-119.35065739011459,12.026581560024928,3.6,1,0
2023-01-03 16:20:00,37.54141327415516,-116.6756306587591,6.2225049810961055,3.8,0,0
2023-01-03 16:25:00,35.37827989607358,-119.08161227279766,9.815159661006327,3.8,1,0
2023-01-03 16:30:00,31.093297099923316,-115.8177049718291,7.469271123775714,2.0,0,0
2023-01-03 16:35:00,32.50362866848767,-121.06230700985708,10.515459866707264,2.1,0,0
2023-01-03 16:40:00,34.26716050550196,-117.82152146443588,6.698495361298136,5.1,0,0
2023-01-03 16:45:00,38.303187083969746,-121.02664186627092,7.428718871109135,2.4,1,0
2023-01-03 16:50:00,33.47507343151198,-116.94681998221387,5.82626175343327,2.3,0,0
2023-01-03 16:55:00,34.49921597266877,-119.89436514328023,10.788642650840487,2.2,0,0
2023-01-03 17:00:00,32.74769414558426,-121.81281962659655,5.66118681927599,2.9,0,0
2023-01-03 17:05:00,38.201421566522626,-116.02066573685713,10.276328220274165,5.1,1,1
2023-01-03 17:10:00,37.070807341295605,-119.99332815438387,11.730516368539217,3.7,0,0
2023-01-03 17:15:00,30.46869717481847,-124.97131487061714,9.08525447405433,3.4,0,0
2023-01-03 17:20:00,37.69839332827444,-121.13000602120198,13.272430613357102,3.5,0,0
2023-01-03 17:25:00,37.17617824287366,-122.75982771143518,10.442307619393224,5.4,0,0
2023-01-03 17:30:00,33.67528392022416,-117.50491949407098,7.074208450135756,3.1,0,0
2023-01-03 17:35:00,39.24615511115803,-123.43323730988874,11.593818346781559,2.7,1,0
2023-01-03 17:40:00,31.32874001639005,-116.09871517566516,6.689469530822521,3.3,0,0
2023-01-03 17:45:00,37.44549045674051,-120.24335528238565,11.64176292702072,4.8,0,0
2023-01-03 17:50:00,33.52608987583863,-123.54016172232238,5.323823036559604,5.6,0,0
2023-01-03 17:55:00,39.06965357036602,-119.10882612845273,9.24664481915574,4.8,0,0
2023-01-03 18:00:00,36.496823893568575,-115.50079363633813,7.758111941439854,4.9,0,0
2023-01-03 18:05:00,31.816064810942244,-115.99357878156674,8.332037816538179,4.8,0,0
2023-01-03 18:10:00,39.728502395896044,-117.2427835480435,11.6644329457718,5.5,1,1
2023-01-03 18:15:00,35.56594630122872,-121.68058799837145,13.94758824688602,2.8,0,0
2023-01-03 18:20:00,38.36857312248502,-117.76534838586107,14.046770762785522,5.1,0,0
2023-01-03 18:25:00,32.70045976981666,-120.44001747863642,5.3980924694753565,5.0,0,0
2023-01-03 18:30:00,36.056670818467886,-120.05013746878588,14.117713393799693,5.4,0,0
2023-01-03 18:35:00,34.076252395664326,-121.10881013097031,8.3593124836622,5.9,0,0
2023-01-03 18:40:00,37.30658946121997,-117.92189622318921,8.71640222883935,2.9,0,0
2023-01-03 18:45:00,31.68884353213429,-115.59975120561965,12.853887609108458,4.1,0,0
2023-01-03 18:50:00,35.82546925833983,-120.48353199834486,10.180690473341478,3.2,0,0
2023-01-03 18:55:00,38.42310783624672,-122.06368256460367,10.765364341125437,4.5,0,0
2023-01-03 19:00:00,30.384892758751764,-120.90409366300692,8.367342106955123,5.2,0,0
2023-01-03 19:05:00,31.50494354921569,-117.76682902721203,8.945229190262964,5.9,0,0
2023-01-03 19:10:00,33.83798838537007,-123.5886834062426,13.635208842754295,4.5,0,0
2023-01-03 19:15:00,38.82247616223391,-115.51463495816893,10.283632141524368,5.3,0,0
2023-01-03 19:20:00,32.5944530381035,-116.69956240941306,5.399039318005992,5.0,0,0
2023-01-03 19:25:00,32.570772852648695,-122.27942544699633,9.609326737150015,3.7,0,0
2023-01-03 19:30:00,30.18142612039506,-123.411709323606,7.176590975759164,2.5,0,0
2023-01-03 19:35:00,37.75393688778048,-118.93469278280708,11.135410534130608,2.3,0,0
2023-01-03 19:40:00,33.048768735047744,-122.57011515258938,5.819755715384134,3.0,0,0
2023-01-03 19:45:00,33.613984265858086,-119.00933794690049,12.882823912086899,5.6,1,1
2023-01-03 19:50:00,31.59169964796524,-120.237738379752,10.560230705622434,3.9,1,0
2023-01-03 19:55:00,34.1300736695254,-115.19787552921689,6.334573043649177,4.7,0,0
2023-01-03 20:00:00,31.825277925046205,-115.29062279933396,14.644834599964756,4.9,0,0
2023-01-03 20:05:00,30.177088941306806,-123.64140478008684,6.576957091709865,4.7,0,0
2023-01-03 20:10:00,34.52345457125756,-121.92282842307716,11.28547408942316,3.4,0,0
2023-01-03 20:15:00,36.056957899462176,-124.0704036844206,11.766815346164925,3.2,0,0
2023-01-03 20:20:00,37.15368584744359,-121.93888989145921,14.492100686963244,3.4,0,0
2023-01-03 20:25:00,38.00139674628883,-115.73153482495353,7.626337715794521,2.6,0,0
2023-01-03 20:30:00,37.07365549946935,-117.50082973958709,9.64306242498501,2.3,0,0
2023-01-03 20:35:00,32.42474266750824,-124.2949202009412,10.746113851150234,2.4,0,0
2023-01-03 20:40:00,35.34695989561679,-117.74394044168442,12.808703795138033,5.7,0,0
2023-01-03 20:45:00,38.044456318866224,-115.07288156132721,9.866220123128198,3.6,1,0
2023-01-03 20:50:00,33.26565766579841,-122.42978527141086,9.39821279696586,5.2,0,0
2023-01-03 20:55:00,36.1581821931094,-117.69678930314203,13.631480182469955,3.5,1,0
2023-01-03 21:00:00,34.01389043879338,-120.98255920177442,6.768322474939652,5.5,1,1
2023-01-03 21:05:00,36.53706634305871,-116.94062599177126,5.032544174761851,3.2,0,0
2023-01-03 21:10:00,35.10222712188727,-122.25547187279456,11.420332173424637,2.7,1,0
2023-01-03 21:15:00,30.992583208924998,-115.9263692213884,6.034663939703892,2.5,0,0
2023-01-03 21:20:00,32.12166104907806,-116.00479862050403,9.329527949594086,2.8,1,0
2023-01-03 21:25:00,32.850381135156,-117.55309422362072,13.034853921155529,5.5,0,0
2023-01-03 21:30:00,37.971182033044514,-117.64149831145916,9.382927016428463,4.3,0,0
2023-01-03 21:35:00,33.95222801433053,-122.97628205078988,5.7376694755838695,3.6,0,0
2023-01-03 21:40:00,37.0226496385315,-118.96818699249087,12.494426180709606,4.3,0,0
2023-01-03 21:45:00,30.455547943669067,-120.50494321262492,6.886635221899267,5.0,0,0
2023-01-03 21:50:00,36.75219584407368,-119.0419214483723,6.655014890180331,5.9,1,1
2023-01-03 21:55:00,33.4000298324708,-121.97666045932876,5.707435840756995,4.0,0,0
2023-01-03 22:00:00,36.892001262483056,-119.42960898024008,8.531794903009384,4.6,0,0
2023-01-03 22:05:00,32.093111530342654,-116.30780559484666,7.779662244330626,4.9,0,0
2023-01-03 22:10:00,38.678950197160745,-117.8444524001908,14.432801698986845,2.1,0,0
2023-01-03 22:15:00,35.916248443645124,-118.75526937302061,12.326496155565724,5.6,0,0
2023-01-03 22:20:00,33.42854562684539,-116.4577853165915,7.793125975414545,4.4,1,0
2023-01-03 22:25:00,37.015244561892196,-116.07079268455466,11.919827986558172,3.5,0,0
2023-01-03 22:30:00,36.2725913388025,-119.22311428646326,11.23024177647079,3.8,0,0
2023-01-03 22:35:00,35.81114990360131,-121.5684737821278,10.12452032544135,4.5,0,0
2023-01-03 22:40:00,38.14250997700581,-119.21982053155557,10.939106337145786,2.2,0,0
2023-01-03 22:45:00,35.208765363179154,-115.65442748844531,9.026474345133638,2.3,1,0
2023-01-03 22:50:00,35.49808637543136,-123.66058237297946,10.171433478900553,4.6,0,0
2023-01-03 22:55:00,30.669866978418124,-122.68557145479605,13.963295363794607,4.1,0,0
2023-01-03 23:00:00,36.82685265795917,-118.46006140206971,11.741394526339352,2.7,1,0
2023-01-03 23:05:00,38.34946470714576,-115.2490493394455,13.438165085117458,3.2,0,0
2023-01-03 23:10:00,32.26096186976092,-120.26793505954144,10.357083429436104,4.5,1,0
2023-01-03 23:15:00,32.58016121069494,-124.1662944197868,5.1275874269285,5.1,0,0
2023-01-03 23:20:00,38.34173794341174,-122.6066087376389,13.212180268340365,5.0,1,1
2023-01-03 23:25:00,39.861615255079684,-121.4729863110268,6.7114078576319365,5.1,0,0
2023-01-03 23:30:00,34.910754043016425,-121.77692779392434,13.893003106968251,2.4,1,0
2023-01-03 23:35:00,34.84897624026769,-120.25169954896924,12.04022311726245,4.8,0,0
2023-01-03 23:40:00,37.20430013117029,-117.75102599872992,9.641452786947294,5.9,1,1
2023-01-03 23:45:00,36.358823917514876,-117.14635339619308,5.964525244377955,2.8,0,0
2023-01-03 23:50:00,37.84989550261749,-123.98275868889459,14.830796713997398,4.6,0,0
2023-01-03 23:55:00,33.66174016290771,-121.36120828214368,6.271531237307513,3.9,1,0
2023-01-04 00:00:00,37.78015453091107,-122.16373564283504,11.741562086584143,2.4,0,0
2023-01-04 00:05:00,35.72476593242448,-124.06603705394497,5.793081870203951,2.4,1,0
2023-01-04 00:10:00,30.45758781965015,-118.63262775639124,5.396539125613922,3.2,0,0
2023-01-04 00:15:00,33.09489567462196,-123.2760575141152,5.609195021395822,4.8,0,0
2023-01-04 00:20:00,35.72074724761856,-123.1816549587026,14.69567861935727,3.0,0,0
2023-01-04 00:25:00,35.24026471087065,-119.57608248151496,5.058875864760427,2.6,0,0
2023-01-04 00:30:00,33.4726968579989,-117.69890035409232,9.752093374743529,5.7,0,0
2023-01-04 00:35:00,36.8769655996353,-120.10123847004704,9.457181879396853,4.9,0,0
2023-01-04 00:40:00,38.05676767435925,-119.71137989642506,10.40209515506945,3.3,0,0
2023-01-04 00:45:00,34.67823935534458,-120.72371587965677,7.751490725045091,2.5,0,0
2023-01-04 00:50:00,38.75711235202911,-121.78822330289483,11.95288377280611,4.2,0,0
2023-01-04 00:55:00,32.10745728106122,-120.64744161175453,6.409762121027165,3.4,1,0
2023-01-04 01:00:00,32.17979909232696,-120.25220934484632,8.979418793758587,4.4,0,0
2023-01-04 01:05:00,39.493272857420834,-118.78573146604649,13.758435919749195,4.0,1,0
2023-01-04 01:10:00,37.32660895239033,-123.75144362964437,9.176655838827458,4.7,0,0
2023-01-04 01:15:00,39.37512687217634,-122.17435886972518,14.898122896803581,6.0,0,0
2023-01-04 01:20:00,37.62437264254498,-115.48869827576297,11.209908399303494,4.1,0,0
2023-01-04 01:25:00,34.39931851742944,-124.06720967652568,5.645881372530289,3.6,0,0
2023-01-04 01:30:00,37.33210575673759,-122.85026725778116,7.903615802970344,2.7,1,0
2023-01-04 01:35:00,36.35979648866826,-120.17247338161225,6.79844009629937,2.1,0,0
2023-01-04 01:40:00,34.53764405063955,-120.0853656358862,9.210044346235655,5.7,0,0
2023-01-04 01:45:00,38.0316324104551,-122.01996539967011,5.391614406436284,3.7,0,0
2023-01-04 01:50:00,38.1997671093788,-120.77089230318066,6.3888225992683765,2.3,1,0
2023-01-04 01:55:00,30.614808640978655,-118.52568083538435,8.361167114661637,3.1,1,0
2023-01-04 02:00:00,36.50382789077513,-123.91556844013068,9.098632852220497,4.4,0,0
2023-01-04 02:05:00,36.95341644741792,-118.42238980504231,9.770622648494665,4.8,1,1
2023-01-04 02:10:00,38.67910473478557,-115.7654089424486,5.174205101007584,5.8,0,0
2023-01-04 02:15:00,38.14628998720686,-120.67628755793609,11.456966552845177,5.6,1,1
2023-01-04 02:20:00,32.672994351619984,-120.88654740145007,9.120137062464835,2.9,1,0
2023-01-04 02:25:00,34.79483331978953,-116.4389501909409,8.681463011239718,2.2,0,0
2023-01-04 02:30:00,30.257416775573052,-119.21530039925246,13.938565159132413,2.5,0,0
2023-01-04 02:35:00,36.34680029063486,-119.40776095934594,7.7414633687389305,5.4,0,0
2023-01-04 02:40:00,31.95151086110031,-116.78406046985408,9.70450440337494,5.8,1,1
2023-01-04 02:45:00,39.850489699848936,-120.9519397574712,9.140870427052752,4.6,1,1
2023-01-04 02:50:00,33.82022973366261,-120.98046843242763,8.857267937785911,5.2,0,0
2023-01-04 02:55:00,37.45558741251992,-124.831867529039,11.687096388882104,2.5,1,0
2023-01-04 03:00:00,31.02274997045577,-117.60303980334722,6.073958550672433,3.4,0,0
2023-01-04 03:05:00,39.98925341796328,-118.55800975362045,12.945599449123783,4.6,0,0
2023-01-04 03:10:00,39.65000701547842,-120.91483070405219,11.44175996137406,5.7,0,0
2023-01-04 03:15:00,38.617154741394664,-121.78034104113621,11.286540087640013,2.4,0,0
2023-01-04 03:20:00,32.33093870871359,-123.4014053844453,13.970254433229805,3.2,0,0
2023-01-04 03:25:00,39.53619272040395,-120.03052103084052,12.473394934294651,2.3,0,0
2023-01-04 03:30:00,39.36272895956094,-118.16663937184818,6.4815810685594215,3.6,0,0
2023-01-04 03:35:00,37.966530902478624,-120.31196639363694,7.54020904289855,2.4,0,0
2023-01-04 03:40:00,32.40433171031496,-123.59078296741346,11.58311041521689,2.2,0,0
2023-01-04 03:45:00,34.092775909454666,-115.33708467122136,10.325648310387692,3.3,0,0
2023-01-04 03:50:00,32.07251946914976,-118.44403604410941,9.26928448909477,2.0,0,0
2023-01-04 03:55:00,36.14491366828161,-115.67724769761341,13.59935907191496,2.5,1,0
2023-01-04 04:00:00,32.509752520354745,-119.29554580681774,12.072334806541033,2.7,0,0
2023-01-04 04:05:00,39.006210321733704,-117.65522820815006,10.891908348027272,4.8,0,0
2023-01-04 04:10:00,30.064468547660905,-115.24342817106276,13.793323221269588,2.1,1,0
2023-01-04 04:15:00,32.80791165609411,-123.96936141789863,6.655508802010683,5.6,1,1
2023-01-04 04:20:00,35.09876343819769,-120.06731275701136,8.938404447678554,3.7,0,0
2023-01-04 04:25:00,37.54257814389468,-115.35200655351419,11.025340997794224,3.3,0,0
2023-01-04 04:30:00,30.856886708414994,-116.24479414110007,13.028594439127799,3.7,0,0
2023-01-04 04:35:00,33.53781028282438,-117.53879309594997,11.032149897689107,5.7,1,1
2023-01-04 04:40:00,37.97489244713669,-119.84517341123738,6.553929381672353,5.4,0,0
2023-01-04 04:45:00,38.064124318264376,-117.28585540765647,10.155893701489413,3.3,0,0
2023-01-04 04:50:00,32.5550808099555,-117.38631217177836,12.721137178820463,5.3,0,0
2023-01-04 04:55:00,30.82638375273177,-116.2238860721427,12.085586966029819,3.9,0,0
2023-01-04 05:00:00,38.6496574281785,-120.5171932690038,13.717133857744178,2.6,1,0
2023-01-04 05:05:00,34.55223171395856,-117.29917051539222,7.817400395817997,4.2,0,0
2023-01-04 05:10:00,35.731420830556885,-121.63586245742302,6.777949433255089,5.6,0,0
2023-01-04 05:15:00,39.572748426954846,-121.29686503204147,6.978355391700167,3.7,0,0
2023-01-04 05:20:00,39.95761218292996,-120.10884988545038,5.100667315911201,4.1,0,0
2023-01-04 05:25:00,36.249384860311864,-124.61619136201627,7.902024391814381,5.5,0,0
2023-01-04 05:30:00,33.788989220408325,-122.62916503039578,11.796802685090046,2.9,1,0
2023-01-04 05:35:00,31.443598380529167,-119.6596048701579,11.453104759292373,2.5,1,0
2023-01-04 05:40:00,30.233794268726747,-117.57266097445742,6.218243380181429,3.6,0,0
2023-01-04 05:45:00,38.27058888007795,-122.16350044263861,5.2712353819581095,3.5,1,0
2023-01-04 05:50:00,36.28697500579807,-121.97862087446653,10.040770055715067,3.5,0,0
2023-01-04 05:55:00,31.730116423400563,-116.3690830310977,13.53689969524385,3.6,1,0
2023-01-04 06:00:00,34.48844607171866,-124.17627717205437,14.548414853284415,5.0,0,0
2023-01-04 06:05:00,34.1563659169049,-123.08338816097356,14.80943550600083,5.9,0,0
2023-01-04 06:10:00,36.38957984160918,-115.04080763003945,5.417088174613025,2.4,0,0
2023-01-04 06:15:00,31.37261469870021,-124.98566327929606,12.24524655835242,5.7,1,1
2023-01-04 06:20:00,30.798440639432,-119.35802225278354,13.513405157832658,2.5,0,0
2023-01-04 06:25:00,30.311477493575595,-120.60279048128267,12.630166562342433,2.7,0,0
2023-01-04 06:30:00,33.59049566716587,-117.07092823905079,13.513315006187236,3.1,0,0
2023-01-04 06:35:00,36.858395247656716,-119.3449806766755,6.452202384523512,3.4,0,0
2023-01-04 06:40:00,37.45589804781277,-124.98616342890317,10.940809463721926,5.7,0,0
2023-01-04 06:45:00,30.620624342598667,-124.73189993495089,13.964959722834758,2.1,0,0
2023-01-04 06:50:00,32.20003725932891,-121.7395392520403,11.81428649650492,5.3,0,0
2023-01-04 06:55:00,32.35373871251803,-117.51091174724102,6.778781543822172,4.4,1,0
2023-01-04 07:00:00,37.078737141128784,-118.82871599800491,5.384493187307378,3.1,0,0
2023-01-04 07:05:00,35.97773436633222,-117.80443020728687,14.352226928377169,5.1,0,0
2023-01-04 07:10:00,30.816993079090828,-115.00126158629287,13.719368702655666,5.8,0,0
2023-01-04 07:15:00,30.693242690290557,-120.30457865627955,5.036846008223149,5.8,0,0
2023-01-04 07:20:00,31.848973386188966,-117.90602658603069,13.157688589119218,5.6,1,1
2023-01-04 07:25:00,39.486706100189785,-122.5613164705243,5.268548286300307,5.4,0,0
2023-01-04 07:30:00,35.05714607439784,-115.79978718920867,6.8492325084634285,4.9,0,0
2023-01-04 07:35:00,31.347528515921894,-116.94236579491141,6.623158109786262,5.3,0,0
2023-01-04 07:40:00,31.40943345823618,-115.85725629120986,12.467249353132583,5.0,1,1
2023-01-04 07:45:00,32.69827494511854,-117.7166244634151,6.261849310340738,3.0,0,0
2023-01-04 07:50:00,32.059073335956775,-123.20258346687311,7.056686637202962,3.3,1,0
2023-01-04 07:55:00,33.88624972699739,-118.82260782032166,8.338921155296088,5.7,0,0
2023-01-04 08:00:00,32.36272869757332,-120.13881316966217,9.15249294808076,3.2,0,0
2023-01-04 08:05:00,35.397595334711745,-120.84763621653205,5.5363278243378025,6.0,0,0
2023-01-04 08:10:00,37.27855911050395,-122.22971633406996,9.646038010591493,2.2,0,0
2023-01-04 08:15:00,39.9663734985826,-117.16117554743884,11.294014001595112,3.4,0,0
2023-01-04 08:20:00,32.94170081848665,-118.82672061217464,12.599055817419238,5.3,0,0
2023-01-04 08:25:00,38.279414674580195,-115.89123940352674,11.395174412099802,3.0,0,0
2023-01-04 08:30:00,37.95936661383156,-117.73417360896183,11.214679035709437,3.2,0,0
2023-01-04 08:35:00,39.18602248831537,-124.0207472161348,11.920816564946904,2.5,0,0
2023-01-04 08:40:00,37.791067630780745,-117.42308981461366,5.804229781548039,5.1,0,0
2023-01-04 08:45:00,39.85481271587627,-117.55487201273026,9.546297593352806,5.5,0,0
2023-01-04 08:50:00,31.615862823808396,-123.64599086574678,12.51844663194275,3.9,0,0
2023-01-04 08:55:00,33.57405156757643,-120.07699574411029,8.589858713892212,5.7,0,0
2023-01-04 09:00:00,33.25271374630171,-120.33552249239489,14.21496111329008,3.1,0,0
2023-01-04 09:05:00,32.34873173177025,-115.94479924416474,12.916445348125077,4.6,0,0
2023-01-04 09:10:00,38.363267240361594,-116.36572515117044,14.564155885144174,3.7,0,0
2023-01-04 09:15:00,33.57154294106115,-124.00621486725323,9.587413152670713,4.1,1,0
2023-01-04 09:20:00,33.194708106738986,-119.40228847954387,10.057132714333832,4.5,0,0
2023-01-04 09:25:00,36.219258679623664,-116.22326242419805,10.184425389487913,2.8,0,0
2023-01-04 09:30:00,38.025317164354746,-118.83486955486134,5.425514945703745,2.5,0,0
2023-01-04 09:35:00,34.78202995928041,-116.27585545270394,9.884234800573845,5.9,0,0
2023-01-04 09:40:00,30.530500972765772,-120.49899655569669,11.076655976858357,2.5,1,0
2023-01-04 09:45:00,39.9689257908755,-121.67394802404952,14.41176934843151,2.4,0,0
2023-01-04 09:50:00,31.66229376650162,-121.7971283047014,11.898706924577704,3.1,0,0
2023-01-04 09:55:00,38.63478648619168,-123.95897929288168,6.8138305987703855,2.7,0,0
2023-01-04 10:00:00,30.84058002980089,-119.26440426746404,9.658486626373698,2.1,1,0
2023-01-04 10:05:00,35.93106843540316,-122.18145289452883,9.85735211116872,3.5,0,0
2023-01-04 10:10:00,35.64652233159483,-115.05809658377432,5.780616354027982,3.9,1,0
2023-01-04 10:15:00,31.929152915097394,-120.72381491230162,11.534654794010628,2.5,0,0
2023-01-04 10:20:00,34.202414608418955,-121.49592017915147,7.892269985549198,4.9,1,1
2023-01-04 10:25:00,31.240676826808443,-120.90406876560962,12.629065863195239,2.1,1,0
2023-01-04 10:30:00,31.781326145214152,-122.84974559379586,11.875581936766096,5.0,0,0
2023-01-04 10:35:00,34.034058084747635,-119.45217437999385,12.368722180127271,4.8,1,1
2023-01-04 10:40:00,38.09936890228353,-116.10835364712273,9.695460392670466,5.7,0,0
2023-01-04 10:45:00,39.708235661965645,-122.35863339423825,14.826367554217482,5.1,0,0
2023-01-04 10:50:00,36.01308638833659,-122.13235225613826,6.29373254979983,5.3,1,1
2023-01-04 10:55:00,34.31240804708419,-117.34084150499686,9.964528264242716,2.5,0,0
2023-01-04 11:00:00,37.29428763754909,-119.1860302688934,6.040618558476738,4.2,0,0
2023-01-04 11:05:00,31.878339772717712,-118.25396121851244,6.092553260501478,4.9,1,1
2023-01-04 11:10:00,38.89633225943002,-123.95726002521354,10.359550928907886,3.6,1,0
2023-01-04 11:15:00,30.898460211431246,-117.24946168553289,7.208681863638016,2.5,1,0
